gemeinde,jahr,0-14 Jahre alt,15-29 Jahre alt,30-44 Jahre alt,45-59 Jahre alt,60-74 Jahre alt,75-89 Jahre alt,90-104 Jahre alt
Adliswil,2010,2348,2907,3778,3389,2652,1324,89
Adliswil,2011,2510,3087,4130,3536,2747,1375,87
Adliswil,2012,2582,3159,4367,3613,2753,1419,104
Adliswil,2013,2673,3060,4476,3702,2738,1455,112
Adliswil,2014,2786,2993,4503,3721,2777,1465,136
Adliswil,2015,2879,2910,4585,3767,2770,1507,133
Adliswil,2016,2904,2845,4630,3822,2751,1566,133
Adliswil,2017,2943,2815,4663,3817,2742,1609,142
Adliswil,2018,2939,2758,4657,3833,2640,1708,146
Adliswil,2019,3046,2740,4731,3845,2624,1707,176
Adliswil,2020,3055,2768,4750,3936,2583,1729,183
Adliswil,2021,3030,2763,4717,3943,2595,1754,196
Adliswil,2022,3025,2814,4794,3976,2589,1776,206
Adliswil,2023,3089,2920,4998,4060,2615,1762,216
Aesch,2010,163,139,236,211,209,68,8
Aesch,2011,173,147,243,228,206,76,10
Aesch,2012,185,147,269,240,224,84,9
Aesch,2013,199,124,297,238,215,103,7
Aesch,2014,180,145,273,256,210,111,7
Aesch,2015,177,157,271,268,202,114,9
Aesch,2016,192,178,283,283,200,125,8
Aesch,2017,218,182,298,298,197,139,9
Aesch,2018,264,205,394,335,209,137,11
Aesch,2019,284,227,428,351,218,141,12
Aesch,2020,316,226,437,355,210,151,12
Aesch,2021,321,211,420,366,203,161,10
Aesch,2022,306,204,409,365,206,160,12
Aesch,2023,308,206,417,386,214,152,13
Aeugst,2010,281,263,375,515,277,106,5
Aeugst,2011,301,291,386,528,286,114,5
Aeugst,2012,300,305,379,539,323,109,4
Aeugst,2013,312,286,378,553,323,114,4
Aeugst,2014,305,286,351,568,331,107,4
Aeugst,2015,310,296,358,573,338,104,7
Aeugst,2016,294,294,350,568,343,113,7
Aeugst,2017,269,287,326,570,348,122,12
Aeugst,2018,277,286,337,583,354,128,14
Aeugst,2019,282,280,332,566,371,138,12
Aeugst,2020,288,267,348,558,390,143,17
Aeugst,2021,284,264,336,531,410,148,13
Aeugst,2022,286,257,339,510,429,156,14
Aeugst,2023,279,255,336,521,440,151,13
Affoltern,2010,1688,2283,2348,2443,1610,643,48
Affoltern,2011,1660,2263,2356,2499,1633,682,47
Affoltern,2012,1684,2260,2332,2541,1696,704,48
Affoltern,2013,1649,2276,2332,2566,1730,738,51
Affoltern,2014,1657,2313,2348,2600,1751,810,61
Affoltern,2015,1666,2273,2422,2627,1782,855,70
Affoltern,2016,1715,2279,2488,2620,1807,887,72
Affoltern,2017,1748,2367,2479,2625,1855,921,85
Affoltern,2018,1794,2326,2530,2645,1852,973,81
Affoltern,2019,1849,2219,2667,2607,1880,993,94
Affoltern,2020,1856,2092,2708,2594,1883,1014,99
Affoltern,2021,1858,2079,2790,2561,1932,1033,105
Affoltern,2022,1881,2138,2832,2511,1966,1079,117
Affoltern,2023,1966,2114,2954,2525,1998,1122,133
Altikon,2010,90,97,108,173,96,36,1
Altikon,2011,94,94,116,171,105,37,2
Altikon,2012,95,85,115,171,113,35,4
Altikon,2013,104,85,108,182,114,39,3
Altikon,2014,105,88,118,179,125,38,4
Altikon,2015,96,94,121,173,132,33,6
Altikon,2016,97,89,121,170,138,34,4
Altikon,2017,99,102,122,168,141,36,6
Altikon,2018,113,105,132,164,143,41,7
Altikon,2019,113,92,131,164,148,42,8
Altikon,2020,117,96,135,150,148,47,9
Altikon,2021,115,101,135,154,149,48,7
Altikon,2022,122,103,137,158,150,52,7
Altikon,2023,127,103,141,167,154,54,8
Andelfingen,2010,467,478,607,616,494,210,21
Andelfingen,2011,502,499,647,658,500,218,22
Andelfingen,2012,519,513,640,690,501,227,18
Andelfingen,2013,549,500,657,701,495,237,16
Andelfingen,2014,585,524,676,717,509,239,11
Andelfingen,2015,609,517,691,739,526,243,9
Andelfingen,2016,634,505,697,729,536,264,13
Andelfingen,2017,621,484,683,741,522,278,13
Andelfingen,2018,605,502,699,760,515,307,12
Andelfingen,2019,623,480,704,763,514,316,17
Andelfingen,2020,616,457,674,781,512,339,21
Andelfingen,2021,623,473,664,791,509,338,31
Andelfingen,2022,603,491,644,810,500,348,32
Andelfingen,2023,601,553,666,818,540,361,31
Bachenbülach,2010,624,621,934,801,689,185,15
Bachenbülach,2011,656,599,980,830,707,201,19
Bachenbülach,2012,654,598,965,846,712,216,18
Bachenbülach,2013,657,612,942,855,721,237,14
Bachenbülach,2014,657,619,916,875,718,264,15
Bachenbülach,2015,656,605,879,877,712,282,15
Bachenbülach,2016,652,622,833,911,709,320,11
Bachenbülach,2017,652,646,824,918,698,335,19
Bachenbülach,2018,643,660,860,924,710,343,19
Bachenbülach,2019,662,658,840,922,704,362,21
Bachenbülach,2020,664,674,830,939,687,381,28
Bachenbülach,2021,694,638,827,945,692,395,30
Bachenbülach,2022,660,656,808,969,660,418,30
Bachenbülach,2023,698,655,831,999,665,433,34
Bachs,2010,78,90,115,162,80,45,3
Bachs,2011,76,85,121,154,86,42,3
Bachs,2012,76,87,123,153,88,45,2
Bachs,2013,85,97,131,157,91,46,0
Bachs,2014,85,81,125,160,101,46,0
Bachs,2015,80,76,117,155,108,48,1
Bachs,2016,85,86,112,154,113,49,2
Bachs,2017,84,78,105,155,113,47,6
Bachs,2018,79,74,98,158,116,49,6
Bachs,2019,77,74,114,155,117,54,5
Bachs,2020,87,67,117,163,121,53,7
Bachs,2021,98,57,123,174,121,54,6
Bachs,2022,96,62,134,163,124,55,5
Bachs,2023,101,63,138,157,127,61,5
Bassersdorf,2010,1844,1994,2983,2251,1464,476,40
Bassersdorf,2011,1843,1975,2928,2362,1498,505,46
Bassersdorf,2012,1841,1995,2856,2413,1547,531,46
Bassersdorf,2013,1824,1994,2833,2470,1594,557,46
Bassersdorf,2014,1831,1926,2808,2553,1616,588,49
Bassersdorf,2015,1844,1967,2797,2630,1660,616,47
Bassersdorf,2016,1792,1984,2729,2668,1639,683,56
Bassersdorf,2017,1786,1985,2699,2694,1654,714,61
Bassersdorf,2018,1770,2028,2664,2710,1683,748,65
Bassersdorf,2019,1823,2045,2647,2745,1718,785,69
Bassersdorf,2020,1837,2017,2660,2782,1740,825,70
Bassersdorf,2021,1863,1968,2625,2791,1765,878,63
Bassersdorf,2022,1899,1991,2614,2791,1778,919,61
Bassersdorf,2023,1903,2003,2588,2807,1796,994,63
Bauma,2010,713,828,890,1164,640,263,24
Bauma,2011,688,854,866,1199,643,279,21
Bauma,2012,683,867,833,1203,668,292,23
Bauma,2013,673,905,848,1212,694,293,25
Bauma,2014,699,889,868,1226,720,293,23
Bauma,2015,704,914,863,1273,749,303,31
Bauma,2016,727,884,876,1294,757,325,33
Bauma,2017,739,860,908,1271,781,327,39
Bauma,2018,761,837,904,1252,818,350,39
Bauma,2019,720,789,909,1206,850,355,41
Bauma,2020,721,766,920,1182,882,358,50
Bauma,2021,737,765,911,1137,913,366,52
Bauma,2022,733,781,914,1136,950,363,44
Bauma,2023,747,769,983,1136,984,386,41
Benken,2010,117,134,172,216,107,50,3
Benken,2011,123,149,161,227,110,45,4
Benken,2012,122,138,164,234,116,45,4
Benken,2013,120,143,161,238,119,45,2
Benken,2014,123,128,158,246,123,44,1
Benken,2015,128,138,163,257,129,42,2
Benken,2016,129,136,159,250,138,45,1
Benken,2017,129,139,159,247,133,50,0
Benken,2018,124,145,155,241,136,51,3
Benken,2019,125,141,146,241,141,49,4
Benken,2020,127,132,151,239,148,50,4
Benken,2021,130,123,151,232,153,53,4
Benken,2022,126,115,162,210,171,59,4
Benken,2023,133,118,159,207,170,57,5
Berg,2010,73,110,121,152,112,26,5
Berg,2011,64,110,107,154,118,29,4
Berg,2012,61,104,108,151,132,26,5
Berg,2013,58,98,99,155,131,33,2
Berg,2014,60,99,100,154,125,38,3
Berg,2015,58,86,96,156,130,39,2
Berg,2016,58,81,93,162,128,43,2
Berg,2017,60,78,88,153,132,50,1
Berg,2018,66,66,94,154,134,53,2
Berg,2019,66,72,102,139,140,55,4
Berg,2020,66,84,95,146,141,58,5
Berg,2021,61,84,94,149,138,60,5
Berg,2022,71,77,95,139,140,65,5
Berg,2023,76,68,102,143,138,71,3
Birmensdorf,2010,882,902,1315,1286,1041,422,28
Birmensdorf,2011,908,890,1313,1316,1023,447,25
Birmensdorf,2012,900,890,1282,1359,1033,464,23
Birmensdorf,2013,920,859,1350,1366,1053,479,29
Birmensdorf,2014,956,890,1387,1355,1048,494,37
Birmensdorf,2015,987,897,1385,1365,1063,499,39
Birmensdorf,2016,996,897,1396,1365,1053,525,42
Birmensdorf,2017,1051,905,1434,1366,1048,528,53
Birmensdorf,2018,1062,945,1440,1387,1042,563,58
Birmensdorf,2019,1119,948,1556,1395,1057,579,60
Birmensdorf,2020,1168,945,1633,1418,1060,604,65
Birmensdorf,2021,1189,958,1654,1408,1031,625,69
Birmensdorf,2022,1202,1014,1652,1434,1039,641,61
Birmensdorf,2023,1238,1020,1756,1422,1075,664,67
Bonstetten,2010,949,818,1309,1163,716,195,14
Bonstetten,2011,944,815,1272,1159,747,215,14
Bonstetten,2012,1003,780,1232,1183,754,222,17
Bonstetten,2013,1016,781,1215,1215,781,231,15
Bonstetten,2014,1003,787,1218,1224,788,245,14
Bonstetten,2015,1012,783,1214,1228,800,268,17
Bonstetten,2016,1002,825,1199,1261,828,284,23
Bonstetten,2017,987,872,1176,1291,833,310,22
Bonstetten,2018,999,872,1164,1326,826,328,24
Bonstetten,2019,1012,858,1160,1314,842,369,21
Bonstetten,2020,1040,819,1186,1302,863,375,25
Bonstetten,2021,1013,816,1167,1332,875,404,25
Bonstetten,2022,980,789,1177,1337,882,429,25
Bonstetten,2023,971,818,1191,1303,888,456,30
Boppelsen,2010,253,134,332,283,226,53,5
Boppelsen,2011,248,146,303,297,233,54,5
Boppelsen,2012,247,153,273,310,231,55,5
Boppelsen,2013,256,157,263,334,233,55,6
Boppelsen,2014,236,161,250,329,240,60,4
Boppelsen,2015,234,178,253,346,239,64,3
Boppelsen,2016,235,169,246,353,235,74,6
Boppelsen,2017,242,188,245,363,236,85,6
Boppelsen,2018,241,190,245,366,238,83,9
Boppelsen,2019,235,209,272,375,235,92,6
Boppelsen,2020,244,213,281,395,223,102,7
Boppelsen,2021,244,203,280,387,222,113,8
Boppelsen,2022,237,215,261,382,228,123,8
Boppelsen,2023,228,210,254,369,240,128,5
Brütten,2010,281,297,399,479,340,124,7
Brütten,2011,263,309,384,500,352,125,5
Brütten,2012,283,311,375,536,346,128,6
Brütten,2013,297,301,378,534,354,136,8
Brütten,2014,303,319,359,536,363,141,10
Brütten,2015,294,305,359,533,362,142,11
Brütten,2016,303,285,375,524,373,150,11
Brütten,2017,296,300,359,519,369,162,11
Brütten,2018,303,286,357,519,364,170,10
Brütten,2019,327,283,373,520,380,174,11
Brütten,2020,314,288,377,503,382,187,12
Brütten,2021,320,293,383,507,377,200,16
Brütten,2022,335,280,410,507,391,216,21
Brütten,2023,331,288,437,490,404,210,22
Bubikon,2010,1131,1078,1442,1482,1025,378,37
Bubikon,2011,1167,1119,1456,1531,1075,387,35
Bubikon,2012,1203,1099,1457,1530,1130,400,37
Bubikon,2013,1208,1092,1443,1597,1143,420,33
Bubikon,2014,1211,1067,1452,1601,1180,437,31
Bubikon,2015,1212,1072,1417,1616,1223,459,28
Bubikon,2016,1239,1053,1408,1668,1246,474,31
Bubikon,2017,1223,1092,1379,1712,1247,504,37
Bubikon,2018,1239,1119,1425,1715,1264,539,34
Bubikon,2019,1212,1124,1408,1717,1286,560,42
Bubikon,2020,1204,1136,1370,1711,1320,582,44
Bubikon,2021,1196,1143,1351,1733,1313,608,47
Bubikon,2022,1196,1161,1332,1739,1337,674,52
Bubikon,2023,1167,1219,1354,1742,1346,707,53
Buch,2010,156,159,203,210,110,33,1
Buch,2011,173,151,206,212,117,34,1
Buch,2012,171,143,212,216,120,35,1
Buch,2013,186,135,214,225,127,31,1
Buch,2014,184,131,214,225,134,34,1
Buch,2015,190,143,225,231,134,36,2
Buch,2016,191,135,213,238,132,43,3
Buch,2017,194,143,208,236,139,47,3
Buch,2018,196,146,205,228,147,53,2
Buch,2019,183,138,217,224,161,53,3
Buch,2020,193,148,230,223,171,55,2
Buch,2021,198,135,234,226,165,64,4
Buch,2022,201,131,230,227,173,71,5
Buch,2023,193,130,235,229,175,68,2
Buchs,2010,913,1185,1335,1282,626,167,14
Buchs,2011,937,1192,1400,1319,660,164,20
Buchs,2012,970,1272,1485,1416,702,183,19
Buchs,2013,997,1254,1503,1464,737,202,17
Buchs,2014,997,1199,1466,1480,764,224,22
Buchs,2015,1015,1202,1468,1495,832,234,23
Buchs,2016,1009,1183,1471,1540,840,257,20
Buchs,2017,972,1189,1443,1540,868,272,19
Buchs,2018,977,1211,1425,1582,880,298,17
Buchs,2019,1005,1244,1456,1595,900,337,23
Buchs,2020,1009,1205,1465,1562,931,357,25
Buchs,2021,1006,1205,1489,1531,955,370,31
Buchs,2022,1003,1165,1515,1501,1000,386,28
Buchs,2023,1014,1167,1493,1473,1041,421,37
Bäretswil,2010,820,840,1031,1096,733,263,20
Bäretswil,2011,823,834,1012,1148,769,272,22
Bäretswil,2012,798,841,992,1184,792,296,25
Bäretswil,2013,796,818,935,1199,831,294,27
Bäretswil,2014,795,834,947,1218,853,321,25
Bäretswil,2015,786,794,945,1207,865,335,26
Bäretswil,2016,815,797,968,1221,868,351,26
Bäretswil,2017,826,741,967,1200,886,373,33
Bäretswil,2018,824,704,969,1180,907,392,33
Bäretswil,2019,836,733,943,1173,929,406,35
Bäretswil,2020,829,703,937,1173,942,427,38
Bäretswil,2021,796,683,933,1142,968,450,39
Bäretswil,2022,825,693,952,1159,965,465,46
Bäretswil,2023,825,715,946,1162,965,480,51
Bülach,2010,2670,3621,4142,3469,2494,996,86
Bülach,2011,2622,3563,4078,3543,2509,1061,96
Bülach,2012,2710,3656,4189,3596,2567,1100,110
Bülach,2013,2786,3692,4250,3725,2620,1177,98
Bülach,2014,2805,3767,4381,3852,2705,1242,96
Bülach,2015,2914,3803,4524,3927,2771,1306,97
Bülach,2016,2983,3726,4520,4002,2810,1361,100
Bülach,2017,3084,3718,4577,4077,2825,1426,110
Bülach,2018,3205,3862,4662,4192,2830,1521,114
Bülach,2019,3373,4074,4956,4302,2916,1588,127
Bülach,2020,3490,4185,5150,4381,2996,1646,125
Bülach,2021,3581,4086,5229,4450,2981,1716,147
Bülach,2022,3863,4373,5708,4638,3062,1796,153
Bülach,2023,3947,4460,5807,4689,3183,1863,173
Dachsen,2010,357,300,421,453,284,116,10
Dachsen,2011,358,303,396,472,295,123,7
Dachsen,2012,356,292,389,483,304,124,7
Dachsen,2013,355,315,363,508,305,125,8
Dachsen,2014,341,328,358,510,318,139,7
Dachsen,2015,329,324,345,515,317,147,9
Dachsen,2016,323,331,332,512,322,160,8
Dachsen,2017,301,309,322,504,320,166,9
Dachsen,2018,288,309,313,502,312,185,7
Dachsen,2019,272,313,313,495,329,187,7
Dachsen,2020,276,294,306,500,338,189,9
Dachsen,2021,280,290,319,504,358,186,11
Dachsen,2022,270,293,324,493,357,197,17
Dachsen,2023,266,311,330,470,377,200,20
Dielsdorf,2010,872,1118,1377,1207,793,255,24
Dielsdorf,2011,873,1140,1364,1257,835,268,30
Dielsdorf,2012,876,1141,1355,1238,874,272,31
Dielsdorf,2013,871,1104,1403,1272,904,286,31
Dielsdorf,2014,870,1106,1401,1264,931,308,29
Dielsdorf,2015,881,1058,1397,1276,951,327,27
Dielsdorf,2016,894,1027,1434,1291,948,337,31
Dielsdorf,2017,875,1020,1428,1284,936,365,32
Dielsdorf,2018,892,1008,1463,1279,924,389,33
Dielsdorf,2019,870,987,1443,1285,942,397,36
Dielsdorf,2020,886,952,1467,1263,950,413,35
Dielsdorf,2021,892,965,1470,1280,951,438,45
Dielsdorf,2022,903,994,1483,1305,947,465,45
Dielsdorf,2023,938,1072,1534,1324,949,495,48
Dietikon,2010,3680,4875,5441,4539,3317,1610,116
Dietikon,2011,3700,5026,5654,4618,3295,1680,141
Dietikon,2012,3790,5262,5838,4702,3321,1716,143
Dietikon,2013,3897,5415,5952,4890,3274,1756,142
Dietikon,2014,4063,5683,6192,5061,3262,1779,138
Dietikon,2015,4137,5661,6405,5192,3252,1849,137
Dietikon,2016,4173,5577,6549,5265,3292,1916,157
Dietikon,2017,4202,5454,6581,5258,3296,1988,157
Dietikon,2018,4233,5447,6662,5284,3293,2066,161
Dietikon,2019,4342,5563,6846,5334,3316,2092,168
Dietikon,2020,4407,5552,7014,5406,3351,2116,182
Dietikon,2021,4477,5407,7037,5403,3380,2144,183
Dietikon,2022,4412,5351,7120,5471,3389,2150,194
Dietikon,2023,4448,5209,7192,5409,3495,2119,220
Dietlikon,2010,1080,1201,1656,1458,1164,477,17
Dietlikon,2011,1100,1183,1612,1497,1168,511,26
Dietlikon,2012,1092,1185,1599,1524,1184,547,33
Dietlikon,2013,1096,1173,1591,1530,1206,585,38
Dietlikon,2014,1142,1254,1686,1594,1233,610,44
Dietlikon,2015,1148,1266,1697,1589,1227,636,42
Dietlikon,2016,1150,1173,1694,1602,1230,659,43
Dietlikon,2017,1173,1214,1687,1620,1242,701,48
Dietlikon,2018,1184,1235,1699,1625,1244,722,59
Dietlikon,2019,1207,1216,1724,1651,1218,756,67
Dietlikon,2020,1214,1213,1743,1668,1209,748,72
Dietlikon,2021,1233,1237,1702,1664,1204,748,85
Dietlikon,2022,1212,1251,1679,1662,1187,762,93
Dietlikon,2023,1202,1350,1715,1694,1184,786,98
Dinhard,2010,228,202,297,302,277,73,8
Dinhard,2011,245,205,296,301,280,78,7
Dinhard,2012,251,217,298,308,279,91,7
Dinhard,2013,258,225,331,307,276,95,5
Dinhard,2014,252,216,316,309,277,105,7
Dinhard,2015,258,197,311,330,276,110,8
Dinhard,2016,275,200,303,341,284,118,8
Dinhard,2017,275,203,325,340,277,124,7
Dinhard,2018,283,233,365,356,274,137,6
Dinhard,2019,280,256,351,368,284,137,10
Dinhard,2020,291,255,365,385,288,143,13
Dinhard,2021,293,241,357,384,293,152,10
Dinhard,2022,296,224,366,372,292,168,12
Dinhard,2023,294,225,347,388,294,178,11
Dorf,2010,119,108,133,155,91,24,3
Dorf,2011,114,113,125,159,96,24,2
Dorf,2012,105,114,120,172,92,28,3
Dorf,2013,97,116,99,183,98,25,2
Dorf,2014,99,122,107,183,101,29,2
Dorf,2015,88,119,100,188,97,34,1
Dorf,2016,92,120,102,178,97,37,0
Dorf,2017,104,131,119,191,103,36,0
Dorf,2018,98,117,109,187,108,39,0
Dorf,2019,94,114,108,194,104,44,0
Dorf,2020,97,117,109,190,106,45,1
Dorf,2021,104,117,126,183,115,49,1
Dorf,2022,105,113,136,181,120,56,1
Dorf,2023,108,112,146,170,124,60,1
Dägerlen,2010,191,168,227,259,107,49,4
Dägerlen,2011,183,159,222,264,109,50,5
Dägerlen,2012,184,146,210,271,123,46,6
Dägerlen,2013,190,137,212,265,125,45,3
Dägerlen,2014,189,134,201,279,127,46,3
Dägerlen,2015,181,155,198,284,143,51,2
Dägerlen,2016,176,152,180,279,149,53,3
Dägerlen,2017,180,158,175,283,162,50,4
Dägerlen,2018,169,155,176,282,178,53,3
Dägerlen,2019,160,163,195,279,182,51,7
Dägerlen,2020,144,166,201,277,187,55,8
Dägerlen,2021,137,172,200,281,203,58,7
Dägerlen,2022,138,195,199,285,205,64,7
Dägerlen,2023,153,201,214,274,211,66,7
Dällikon,2010,605,627,870,817,537,143,6
Dällikon,2011,590,623,860,856,552,155,5
Dällikon,2012,593,651,841,881,579,172,5
Dällikon,2013,594,667,819,888,580,191,7
Dällikon,2014,620,715,847,906,591,213,7
Dällikon,2015,619,701,858,938,609,215,10
Dällikon,2016,656,727,876,968,602,229,9
Dällikon,2017,655,709,894,981,611,237,13
Dällikon,2018,661,695,918,978,625,241,16
Dällikon,2019,677,667,948,970,626,262,20
Dällikon,2020,712,665,992,962,640,280,18
Dällikon,2021,711,678,994,955,629,306,18
Dällikon,2022,709,685,972,916,648,322,16
Dällikon,2023,729,697,999,943,652,334,15
Dänikon,2010,323,403,440,461,209,64,3
Dänikon,2011,326,405,421,464,223,69,5
Dänikon,2012,331,386,431,467,241,67,6
Dänikon,2013,331,380,437,471,253,67,7
Dänikon,2014,339,348,452,467,266,66,6
Dänikon,2015,302,341,432,473,265,71,4
Dänikon,2016,290,334,420,480,265,83,5
Dänikon,2017,290,321,402,499,270,81,6
Dänikon,2018,294,311,405,487,288,82,6
Dänikon,2019,297,307,378,489,291,90,8
Dänikon,2020,293,299,364,475,317,88,11
Dänikon,2021,292,292,360,470,328,93,14
Dänikon,2022,287,293,374,456,342,99,11
Dänikon,2023,292,287,365,457,354,95,14
Dättlikon,2010,145,109,186,162,109,31,4
Dättlikon,2011,144,113,189,159,107,33,2
Dättlikon,2012,141,112,173,178,111,31,2
Dättlikon,2013,143,106,173,183,115,34,2
Dättlikon,2014,150,98,163,197,117,36,1
Dättlikon,2015,143,98,151,196,115,40,2
Dättlikon,2016,160,94,155,205,125,37,4
Dättlikon,2017,164,91,155,199,130,40,4
Dättlikon,2018,158,96,155,208,124,46,3
Dättlikon,2019,147,97,141,211,124,52,5
Dättlikon,2020,147,99,149,219,120,59,6
Dättlikon,2021,147,92,133,229,121,64,7
Dättlikon,2022,138,109,147,224,140,64,7
Dättlikon,2023,130,120,148,216,148,72,8
Dübendorf,2010,3720,4436,6443,4966,3517,1662,138
Dübendorf,2011,3771,4366,6466,5101,3526,1745,149
Dübendorf,2012,3758,4347,6530,5192,3553,1784,135
Dübendorf,2013,3785,4449,6540,5402,3547,1846,150
Dübendorf,2014,3912,4503,6601,5607,3572,1912,157
Dübendorf,2015,4034,4554,6721,5757,3563,1981,149
Dübendorf,2016,4093,4816,6883,5992,3559,2003,164
Dübendorf,2017,4126,4983,7082,6052,3536,2040,183
Dübendorf,2018,4208,5062,7305,6151,3558,2090,205
Dübendorf,2019,4242,5246,7481,6315,3575,2155,214
Dübendorf,2020,4359,5338,7703,6425,3608,2192,229
Dübendorf,2021,4396,5512,7920,6548,3612,2242,262
Dübendorf,2022,4414,5430,8096,6531,3690,2284,278
Dübendorf,2023,4411,5629,8353,6646,3786,2316,299
Dürnten,2010,1166,1188,1395,1541,929,414,32
Dürnten,2011,1213,1279,1489,1642,973,425,34
Dürnten,2012,1233,1264,1492,1711,992,429,38
Dürnten,2013,1209,1247,1462,1740,1038,418,43
Dürnten,2014,1245,1304,1473,1797,1077,440,38
Dürnten,2015,1220,1289,1471,1827,1093,452,40
Dürnten,2016,1227,1288,1457,1836,1141,483,38
Dürnten,2017,1229,1303,1457,1839,1159,495,36
Dürnten,2018,1210,1288,1478,1849,1197,528,40
Dürnten,2019,1213,1253,1489,1823,1233,541,42
Dürnten,2020,1205,1252,1505,1827,1235,574,47
Dürnten,2021,1203,1262,1499,1806,1284,568,55
Dürnten,2022,1206,1268,1523,1796,1308,617,61
Dürnten,2023,1207,1292,1537,1785,1352,639,56
Egg,2010,1194,1292,1601,1936,1395,549,30
Egg,2011,1246,1296,1656,1974,1415,597,30
Egg,2012,1235,1289,1660,2032,1425,626,35
Egg,2013,1198,1313,1570,2059,1433,660,40
Egg,2014,1206,1336,1552,2069,1439,684,44
Egg,2015,1194,1367,1513,2081,1450,714,59
Egg,2016,1236,1330,1501,2070,1473,725,60
Egg,2017,1253,1308,1478,2089,1472,783,59
Egg,2018,1299,1321,1506,2108,1471,800,69
Egg,2019,1333,1331,1561,2139,1503,843,76
Egg,2020,1351,1272,1610,2119,1512,874,82
Egg,2021,1359,1246,1588,2119,1531,902,82
Egg,2022,1353,1204,1567,2070,1559,935,77
Egg,2023,1351,1203,1585,2066,1561,959,87
Eglisau,2010,703,681,1018,971,613,212,15
Eglisau,2011,772,733,1067,1023,653,224,18
Eglisau,2012,804,784,1098,1068,677,251,19
Eglisau,2013,856,816,1137,1121,718,258,28
Eglisau,2014,887,765,1161,1114,743,265,26
Eglisau,2015,884,764,1132,1166,767,280,28
Eglisau,2016,912,788,1146,1199,777,295,31
Eglisau,2017,913,793,1142,1176,784,326,36
Eglisau,2018,920,776,1141,1208,794,334,34
Eglisau,2019,927,800,1182,1220,819,348,39
Eglisau,2020,965,849,1214,1224,842,365,40
Eglisau,2021,976,820,1210,1220,845,398,45
Eglisau,2022,976,793,1188,1242,863,416,50
Eglisau,2023,976,833,1221,1230,894,443,46
Elgg,2010,729,796,886,991,637,307,23
Elgg,2011,732,817,903,1036,658,308,24
Elgg,2012,724,818,921,1051,670,307,22
Elgg,2013,763,822,916,1061,687,317,29
Elgg,2014,748,839,909,1075,696,323,37
Elgg,2015,758,824,904,1098,726,337,43
Elgg,2016,770,834,919,1129,742,366,47
Elgg,2017,770,834,941,1155,757,396,50
Elgg,2018,770,812,955,1137,780,395,49
Elgg,2019,783,781,991,1142,789,398,51
Elgg,2020,803,774,987,1132,806,407,42
Elgg,2021,817,779,1014,1132,798,431,43
Elgg,2022,840,754,1060,1113,809,438,55
Elgg,2023,817,766,1070,1105,853,445,55
Ellikon,2010,169,152,219,190,105,53,1
Ellikon,2011,165,146,218,199,111,51,2
Ellikon,2012,174,141,215,210,120,52,2
Ellikon,2013,166,137,212,218,116,52,2
Ellikon,2014,157,145,196,233,116,56,4
Ellikon,2015,155,143,179,228,119,58,3
Ellikon,2016,154,136,165,235,129,58,5
Ellikon,2017,159,140,171,232,137,60,4
Ellikon,2018,158,132,180,229,137,61,6
Ellikon,2019,154,137,175,228,140,61,6
Ellikon,2020,156,130,195,243,152,54,5
Ellikon,2021,162,169,223,266,160,58,6
Ellikon,2022,162,160,220,262,167,59,5
Ellikon,2023,169,145,221,259,164,60,6
Elsau,2010,512,596,643,807,543,211,13
Elsau,2011,496,606,642,833,541,226,15
Elsau,2012,511,584,618,857,548,220,13
Elsau,2013,532,577,640,857,574,228,12
Elsau,2014,546,574,657,847,593,235,12
Elsau,2015,549,587,645,848,591,246,11
Elsau,2016,573,572,673,844,593,259,19
Elsau,2017,597,581,711,840,610,257,20
Elsau,2018,621,580,716,838,604,273,23
Elsau,2019,610,558,715,837,615,282,28
Elsau,2020,591,563,708,843,616,300,33
Elsau,2021,605,560,714,836,644,301,32
Elsau,2022,600,545,727,834,663,295,35
Elsau,2023,585,557,757,834,675,317,32
Embrach,2010,1452,1674,2083,2034,1223,359,31
Embrach,2011,1472,1692,2048,2046,1230,393,34
Embrach,2012,1473,1662,2058,2058,1277,411,36
Embrach,2013,1471,1592,2016,2062,1310,439,36
Embrach,2014,1499,1638,2042,2061,1325,478,41
Embrach,2015,1505,1590,2051,2071,1375,507,44
Embrach,2016,1529,1592,1983,2089,1380,537,51
Embrach,2017,1538,1669,2046,2129,1426,558,53
Embrach,2018,1523,1652,2045,2173,1384,600,57
Embrach,2019,1512,1611,2037,2175,1374,656,45
Embrach,2020,1534,1630,2056,2225,1409,692,54
Embrach,2021,1569,1704,2111,2252,1447,713,64
Embrach,2022,1569,1767,2152,2214,1500,734,65
Embrach,2023,1633,1806,2236,2234,1543,767,67
Erlenbach,2010,902,716,1125,1251,843,375,35
Erlenbach,2011,881,737,1107,1293,834,372,42
Erlenbach,2012,888,733,1090,1339,839,397,32
Erlenbach,2013,876,724,1056,1376,845,424,35
Erlenbach,2014,888,760,1065,1420,833,439,38
Erlenbach,2015,887,780,1044,1434,847,442,38
Erlenbach,2016,896,774,1044,1443,838,461,46
Erlenbach,2017,893,787,1014,1491,850,481,51
Erlenbach,2018,912,769,1049,1472,843,503,57
Erlenbach,2019,903,767,1015,1464,846,532,59
Erlenbach,2020,874,782,1021,1459,851,536,77
Erlenbach,2021,877,776,1033,1431,881,544,77
Erlenbach,2022,879,792,1044,1407,913,556,77
Erlenbach,2023,851,806,994,1358,947,555,74
Fehraltorf,2010,950,1106,1433,1336,815,229,16
Fehraltorf,2011,945,1066,1439,1328,846,242,23
Fehraltorf,2012,1019,1113,1500,1408,898,265,18
Fehraltorf,2013,1033,1094,1458,1425,959,270,23
Fehraltorf,2014,1054,1056,1459,1457,989,271,23
Fehraltorf,2015,1039,1000,1458,1463,1014,295,23
Fehraltorf,2016,1073,980,1417,1484,1033,315,31
Fehraltorf,2017,1088,962,1396,1506,1054,338,34
Fehraltorf,2018,1118,918,1401,1510,1073,373,28
Fehraltorf,2019,1108,947,1385,1505,1103,409,23
Fehraltorf,2020,1133,933,1428,1483,1126,436,34
Fehraltorf,2021,1128,962,1440,1493,1149,462,33
Fehraltorf,2022,1146,999,1439,1517,1173,484,35
Fehraltorf,2023,1124,1048,1418,1514,1189,523,32
Feuerthalen,2010,507,644,806,768,468,249,25
Feuerthalen,2011,516,622,812,779,461,251,23
Feuerthalen,2012,519,591,811,795,458,261,24
Feuerthalen,2013,538,570,820,802,460,264,29
Feuerthalen,2014,531,543,830,823,471,266,33
Feuerthalen,2015,550,561,826,845,476,273,33
Feuerthalen,2016,577,552,810,848,479,283,40
Feuerthalen,2017,574,580,799,868,498,281,36
Feuerthalen,2018,567,553,797,845,518,307,35
Feuerthalen,2019,556,543,800,837,530,300,39
Feuerthalen,2020,583,551,844,840,542,308,32
Feuerthalen,2021,597,551,852,821,588,323,32
Feuerthalen,2022,595,543,853,809,604,321,41
Feuerthalen,2023,606,537,870,821,616,318,43
Fischenthal,2010,437,405,542,500,273,111,20
Fischenthal,2011,437,408,525,535,280,116,23
Fischenthal,2012,443,417,494,554,292,110,20
Fischenthal,2013,435,427,458,559,315,112,17
Fischenthal,2014,423,413,454,575,329,111,20
Fischenthal,2015,454,433,465,598,342,113,20
Fischenthal,2016,461,416,492,601,375,111,17
Fischenthal,2017,455,433,484,606,394,114,18
Fischenthal,2018,451,411,496,602,396,125,15
Fischenthal,2019,452,404,489,620,396,132,12
Fischenthal,2020,428,401,489,614,416,131,14
Fischenthal,2021,436,427,528,619,428,136,9
Fischenthal,2022,422,423,533,627,434,147,12
Fischenthal,2023,419,432,505,644,452,151,14
Flaach,2010,193,214,249,321,148,92,6
Flaach,2011,192,233,235,332,157,91,7
Flaach,2012,211,241,236,375,162,98,7
Flaach,2013,214,254,239,364,172,97,11
Flaach,2014,209,250,236,375,178,101,12
Flaach,2015,200,247,239,375,186,95,15
Flaach,2016,206,245,244,356,195,93,15
Flaach,2017,212,242,246,358,205,95,17
Flaach,2018,218,251,249,363,213,97,16
Flaach,2019,223,240,260,363,222,100,12
Flaach,2020,221,229,276,357,230,103,11
Flaach,2021,222,219,292,357,232,108,9
Flaach,2022,226,229,295,359,232,124,9
Flaach,2023,228,228,305,337,256,122,13
Flurlingen,2010,233,242,298,350,208,90,9
Flurlingen,2011,229,237,286,361,211,101,5
Flurlingen,2012,217,231,278,375,210,99,5
Flurlingen,2013,215,219,268,379,214,97,9
Flurlingen,2014,207,236,266,384,222,95,10
Flurlingen,2015,217,238,257,383,232,103,7
Flurlingen,2016,208,242,251,386,232,108,6
Flurlingen,2017,218,232,250,387,233,111,6
Flurlingen,2018,216,236,243,386,229,118,9
Flurlingen,2019,224,237,275,381,230,119,11
Flurlingen,2020,242,226,315,403,233,123,14
Flurlingen,2021,230,210,297,379,260,126,14
Flurlingen,2022,227,219,293,367,263,129,16
Flurlingen,2023,221,212,293,359,278,129,18
Freienstein-Teufen,2010,374,389,472,592,360,98,4
Freienstein-Teufen,2011,357,371,456,614,371,105,6
Freienstein-Teufen,2012,353,396,440,629,374,118,7
Freienstein-Teufen,2013,342,395,405,629,383,125,8
Freienstein-Teufen,2014,341,373,421,640,381,141,8
Freienstein-Teufen,2015,324,370,415,657,383,146,8
Freienstein-Teufen,2016,325,373,418,658,407,144,8
Freienstein-Teufen,2017,323,387,413,667,431,138,12
Freienstein-Teufen,2018,328,363,408,651,460,143,14
Freienstein-Teufen,2019,336,369,408,640,462,160,15
Freienstein-Teufen,2020,341,355,414,618,494,164,12
Freienstein-Teufen,2021,342,342,434,582,502,184,10
Freienstein-Teufen,2022,335,327,416,581,513,204,10
Freienstein-Teufen,2023,333,312,408,566,516,219,13
Fällanden,2010,1295,1209,1918,1670,1373,472,34
Fällanden,2011,1322,1183,1936,1710,1366,498,47
Fällanden,2012,1310,1186,1921,1730,1357,513,50
Fällanden,2013,1331,1169,1913,1779,1361,535,51
Fällanden,2014,1342,1159,1895,1815,1358,560,53
Fällanden,2015,1392,1169,1902,1859,1379,587,52
Fällanden,2016,1457,1143,1920,1851,1370,616,44
Fällanden,2017,1483,1206,1959,1863,1372,648,44
Fällanden,2018,1484,1237,1951,1902,1329,703,45
Fällanden,2019,1470,1226,1931,1913,1332,758,48
Fällanden,2020,1510,1304,1954,2000,1320,776,54
Fällanden,2021,1616,1349,2131,2034,1339,807,54
Fällanden,2022,1650,1366,2155,2031,1343,843,59
Fällanden,2023,1654,1388,2121,2087,1365,872,66
Geroldswil,2010,630,806,949,1165,784,308,10
Geroldswil,2011,640,797,946,1150,831,320,14
Geroldswil,2012,688,764,985,1132,823,331,19
Geroldswil,2013,714,771,962,1112,825,347,14
Geroldswil,2014,773,763,977,1095,832,362,20
Geroldswil,2015,807,750,984,1085,831,380,21
Geroldswil,2016,845,729,1014,1077,844,397,17
Geroldswil,2017,859,743,1009,1046,829,411,21
Geroldswil,2018,864,735,1024,1021,841,428,29
Geroldswil,2019,857,698,1015,1035,851,441,31
Geroldswil,2020,880,727,1064,1054,842,443,36
Geroldswil,2021,917,742,1095,1068,830,461,40
Geroldswil,2022,906,809,1101,1066,846,468,52
Geroldswil,2023,896,794,1133,1044,852,474,49
Glattfelden,2010,716,738,1051,978,564,194,19
Glattfelden,2011,727,789,1094,1070,569,195,19
Glattfelden,2012,728,806,1099,1107,582,200,24
Glattfelden,2013,762,799,1091,1137,621,203,18
Glattfelden,2014,778,837,1137,1180,647,225,20
Glattfelden,2015,805,842,1153,1211,671,234,29
Glattfelden,2016,832,852,1150,1236,687,255,29
Glattfelden,2017,867,881,1153,1290,696,275,27
Glattfelden,2018,896,841,1121,1295,732,292,18
Glattfelden,2019,912,796,1124,1319,735,309,23
Glattfelden,2020,904,784,1157,1328,752,326,22
Glattfelden,2021,899,816,1156,1340,759,346,31
Glattfelden,2022,868,796,1105,1331,765,359,34
Glattfelden,2023,874,844,1155,1333,799,376,32
Gossau,2010,1556,1680,2001,2236,1487,539,40
Gossau,2011,1575,1682,1991,2277,1488,593,47
Gossau,2012,1590,1659,1961,2335,1535,591,38
Gossau,2013,1559,1658,1908,2361,1542,626,38
Gossau,2014,1549,1648,1874,2398,1591,652,44
Gossau,2015,1498,1630,1861,2403,1622,677,53
Gossau,2016,1528,1625,1849,2387,1646,700,56
Gossau,2017,1525,1689,1836,2410,1673,740,64
Gossau,2018,1585,1734,1892,2441,1707,770,69
Gossau,2019,1592,1699,1941,2406,1733,815,68
Gossau,2020,1605,1639,1949,2365,1773,861,65
Gossau,2021,1612,1577,1932,2323,1807,897,80
Gossau,2022,1600,1598,1970,2301,1826,937,86
Gossau,2023,1611,1672,2049,2255,1909,965,87
Greifensee,2010,795,978,1084,1000,923,299,15
Greifensee,2011,809,936,1104,1023,908,322,20
Greifensee,2012,844,913,1134,1044,906,349,24
Greifensee,2013,875,899,1174,1058,889,392,18
Greifensee,2014,901,870,1131,1076,864,437,21
Greifensee,2015,909,872,1129,1104,859,466,21
Greifensee,2016,932,847,1111,1118,852,481,25
Greifensee,2017,919,821,1115,1137,810,517,26
Greifensee,2018,913,812,1122,1128,805,550,20
Greifensee,2019,922,802,1110,1155,800,569,21
Greifensee,2020,884,756,1092,1155,788,599,28
Greifensee,2021,898,760,1118,1165,763,607,35
Greifensee,2022,877,779,1070,1159,773,615,46
Greifensee,2023,865,834,1063,1156,782,636,48
Grüningen,2010,505,570,655,778,450,194,13
Grüningen,2011,509,559,633,796,478,195,15
Grüningen,2012,515,562,623,808,496,201,17
Grüningen,2013,515,560,633,818,514,203,26
Grüningen,2014,528,579,652,844,532,204,26
Grüningen,2015,519,552,672,822,550,217,26
Grüningen,2016,529,554,684,811,560,219,24
Grüningen,2017,537,507,695,814,565,218,25
Grüningen,2018,555,526,720,808,581,253,28
Grüningen,2019,584,573,760,808,611,270,32
Grüningen,2020,593,570,792,816,630,282,32
Grüningen,2021,620,574,826,826,659,289,29
Grüningen,2022,639,555,817,818,672,300,34
Grüningen,2023,617,546,824,809,692,314,35
Hagenbuch,2010,170,206,253,283,141,41,3
Hagenbuch,2011,168,192,259,281,144,47,2
Hagenbuch,2012,169,198,254,288,148,44,3
Hagenbuch,2013,156,191,245,282,162,42,6
Hagenbuch,2014,172,193,242,300,156,44,5
Hagenbuch,2015,169,190,235,306,162,44,1
Hagenbuch,2016,168,170,226,302,180,46,1
Hagenbuch,2017,174,169,235,292,193,40,2
Hagenbuch,2018,168,162,221,288,200,41,3
Hagenbuch,2019,165,137,236,280,206,50,5
Hagenbuch,2020,183,128,235,287,203,54,5
Hagenbuch,2021,200,126,251,280,208,56,3
Hagenbuch,2022,209,125,263,276,212,57,4
Hagenbuch,2023,203,140,271,264,212,69,4
Hausen,2010,575,547,721,812,535,160,12
Hausen,2011,597,528,695,813,543,175,11
Hausen,2012,589,502,681,849,551,189,11
Hausen,2013,585,517,676,871,564,194,9
Hausen,2014,585,499,681,913,578,198,15
Hausen,2015,563,503,661,938,595,205,11
Hausen,2016,601,501,671,954,600,220,9
Hausen,2017,612,506,682,975,622,241,8
Hausen,2018,612,508,687,985,633,259,9
Hausen,2019,627,513,688,993,647,270,11
Hausen,2020,636,514,692,997,665,276,17
Hausen,2021,637,526,673,991,699,302,22
Hausen,2022,625,552,673,975,707,314,26
Hausen,2023,629,593,669,966,738,340,27
Hedingen,2010,595,611,736,824,479,149,14
Hedingen,2011,584,637,705,861,508,154,15
Hedingen,2012,616,614,695,894,508,160,19
Hedingen,2013,611,654,700,894,544,169,13
Hedingen,2014,606,656,687,954,559,171,12
Hedingen,2015,616,636,688,965,551,185,14
Hedingen,2016,606,612,712,962,565,196,14
Hedingen,2017,599,602,705,973,573,210,16
Hedingen,2018,595,614,693,990,592,227,18
Hedingen,2019,587,637,715,973,616,227,20
Hedingen,2020,577,636,725,958,638,241,18
Hedingen,2021,571,615,711,971,631,255,23
Hedingen,2022,585,638,748,945,649,277,22
Hedingen,2023,601,641,758,966,654,298,23
Henggart,2010,442,328,509,491,313,124,7
Henggart,2011,453,340,481,499,332,126,8
Henggart,2012,440,358,453,521,334,133,9
Henggart,2013,428,376,439,541,336,142,11
Henggart,2014,410,386,429,546,338,154,11
Henggart,2015,386,381,415,548,345,166,9
Henggart,2016,364,384,401,553,359,168,11
Henggart,2017,359,401,383,557,356,187,13
Henggart,2018,352,388,367,557,370,197,12
Henggart,2019,353,376,359,557,371,206,13
Henggart,2020,361,376,391,563,369,220,14
Henggart,2021,360,376,381,574,362,227,22
Henggart,2022,347,366,353,558,383,230,20
Henggart,2023,356,357,391,551,399,246,18
Herrliberg,2010,996,811,1177,1534,1015,489,47
Herrliberg,2011,984,850,1171,1534,1029,505,46
Herrliberg,2012,976,861,1144,1551,1049,491,55
Herrliberg,2013,990,864,1106,1590,1053,495,61
Herrliberg,2014,997,882,1099,1616,1080,499,67
Herrliberg,2015,965,912,1099,1650,1088,504,71
Herrliberg,2016,951,937,1038,1684,1071,529,76
Herrliberg,2017,955,938,1022,1686,1045,568,76
Herrliberg,2018,967,942,1007,1736,1072,591,76
Herrliberg,2019,972,935,1057,1683,1108,622,81
Herrliberg,2020,978,953,1076,1694,1126,655,84
Herrliberg,2021,1002,933,1120,1677,1162,681,96
Herrliberg,2022,1021,940,1148,1625,1221,706,79
Herrliberg,2023,1018,923,1142,1609,1253,733,75
Hettlingen,2010,618,416,628,685,401,196,13
Hettlingen,2011,598,452,592,736,398,210,14
Hettlingen,2012,584,439,571,750,416,212,15
Hettlingen,2013,575,466,537,772,417,218,17
Hettlingen,2014,553,510,528,807,437,213,17
Hettlingen,2015,552,535,508,822,460,217,19
Hettlingen,2016,537,574,503,844,461,211,29
Hettlingen,2017,531,588,495,854,455,223,28
Hettlingen,2018,523,574,472,861,461,232,23
Hettlingen,2019,512,585,468,863,473,243,23
Hettlingen,2020,476,577,428,843,502,246,27
Hettlingen,2021,481,576,447,825,521,243,31
Hettlingen,2022,473,558,465,795,536,259,26
Hettlingen,2023,495,545,521,786,583,261,28
Hinwil,2010,1571,1954,2132,2335,1668,651,53
Hinwil,2011,1579,1995,2154,2362,1712,677,65
Hinwil,2012,1587,1940,2155,2381,1764,709,66
Hinwil,2013,1606,1934,2167,2442,1807,731,67
Hinwil,2014,1575,1916,2178,2481,1797,753,79
Hinwil,2015,1541,1952,2140,2532,1802,773,90
Hinwil,2016,1579,1996,2144,2618,1818,835,83
Hinwil,2017,1598,1962,2179,2641,1839,876,84
Hinwil,2018,1605,1871,2160,2612,1862,932,75
Hinwil,2019,1664,1867,2216,2565,1897,990,72
Hinwil,2020,1675,1853,2232,2522,1959,1026,77
Hinwil,2021,1738,1831,2333,2536,2035,1058,93
Hinwil,2022,1717,1781,2354,2495,2025,1093,98
Hinwil,2023,1764,1829,2468,2457,2089,1117,100
Hittnau,2010,608,621,771,908,418,129,12
Hittnau,2011,599,617,754,915,429,137,13
Hittnau,2012,607,632,717,930,467,143,10
Hittnau,2013,599,640,721,940,504,138,13
Hittnau,2014,614,655,702,985,522,148,14
Hittnau,2015,596,640,682,990,541,142,17
Hittnau,2016,585,624,664,979,568,149,15
Hittnau,2017,604,602,671,974,584,161,17
Hittnau,2018,609,598,665,991,609,179,21
Hittnau,2019,610,572,650,968,653,186,17
Hittnau,2020,641,550,692,962,662,202,19
Hittnau,2021,642,564,694,960,674,211,25
Hittnau,2022,626,541,678,961,698,228,21
Hittnau,2023,643,562,726,940,761,244,21
Hochfelden,2010,357,353,452,490,272,69,6
Hochfelden,2011,359,337,457,486,293,68,7
Hochfelden,2012,373,330,434,497,305,75,7
Hochfelden,2013,360,323,437,492,315,73,8
Hochfelden,2014,373,318,419,493,325,80,10
Hochfelden,2015,354,318,393,498,335,82,9
Hochfelden,2016,337,301,384,490,347,90,8
Hochfelden,2017,320,300,355,488,358,100,6
Hochfelden,2018,326,291,356,486,349,112,7
Hochfelden,2019,337,307,366,485,356,118,9
Hochfelden,2020,350,307,376,489,365,122,10
Hochfelden,2021,339,308,371,491,370,127,9
Hochfelden,2022,327,300,365,479,373,137,13
Hochfelden,2023,330,298,375,455,377,153,9
Hombrechtikon,2010,1337,1310,1652,1828,1258,553,56
Hombrechtikon,2011,1323,1322,1654,1844,1318,573,55
Hombrechtikon,2012,1304,1342,1578,1885,1336,595,60
Hombrechtikon,2013,1323,1317,1554,1949,1365,605,69
Hombrechtikon,2014,1338,1410,1584,2002,1392,622,72
Hombrechtikon,2015,1338,1382,1558,2029,1448,637,71
Hombrechtikon,2016,1353,1383,1604,2047,1465,668,75
Hombrechtikon,2017,1334,1345,1606,2051,1483,697,79
Hombrechtikon,2018,1373,1362,1664,2031,1487,736,79
Hombrechtikon,2019,1388,1314,1641,2069,1503,765,79
Hombrechtikon,2020,1374,1310,1631,2068,1547,806,78
Hombrechtikon,2021,1351,1311,1596,2045,1582,842,77
Hombrechtikon,2022,1327,1371,1616,2046,1635,874,83
Hombrechtikon,2023,1274,1388,1618,2046,1674,910,76
Horgen,2010,3286,3328,4944,4452,3256,1619,156
Horgen,2011,3315,3304,4907,4588,3226,1663,167
Horgen,2012,3354,3284,4976,4650,3245,1687,190
Horgen,2013,3410,3342,5002,4752,3284,1711,197
Horgen,2014,3500,3421,5020,4923,3335,1733,204
Horgen,2015,3538,3393,5047,5007,3373,1747,204
Horgen,2016,3593,3323,5025,5045,3383,1783,223
Horgen,2017,3589,3332,4943,5094,3391,1837,225
Horgen,2018,3630,3307,5017,5163,3381,1888,226
Horgen,2019,3718,3334,5142,5200,3405,1949,231
Horgen,2020,3738,3316,5149,5253,3422,1975,220
Horgen,2021,3785,3321,5252,5288,3399,2022,221
Horgen,2022,3806,3409,5347,5313,3430,2057,227
Horgen,2023,3800,3407,5319,5318,3480,2079,254
Höri,2010,407,474,524,588,320,134,10
Höri,2011,365,502,516,605,319,134,9
Höri,2012,399,536,544,640,337,145,10
Höri,2013,402,541,541,645,346,150,9
Höri,2014,399,535,550,642,370,157,9
Höri,2015,392,506,538,642,385,165,11
Höri,2016,401,506,546,659,397,171,10
Höri,2017,419,498,569,645,415,166,9
Höri,2018,428,503,603,689,433,160,15
Höri,2019,452,510,624,664,447,161,19
Höri,2020,467,525,678,660,440,165,22
Höri,2021,490,534,677,672,467,165,23
Höri,2022,488,653,755,733,479,164,25
Höri,2023,561,696,812,739,489,174,21
Hüntwangen,2010,160,137,207,241,147,50,4
Hüntwangen,2011,151,143,207,247,156,50,4
Hüntwangen,2012,169,146,215,256,162,51,3
Hüntwangen,2013,168,150,208,250,172,53,4
Hüntwangen,2014,173,146,207,254,173,58,3
Hüntwangen,2015,172,134,196,267,183,58,3
Hüntwangen,2016,170,145,179,276,188,57,7
Hüntwangen,2017,165,129,185,277,194,62,8
Hüntwangen,2018,166,127,189,287,182,71,6
Hüntwangen,2019,161,146,192,281,192,78,7
Hüntwangen,2020,161,143,185,283,203,85,6
Hüntwangen,2021,152,151,184,285,211,93,6
Hüntwangen,2022,154,157,180,276,215,103,7
Hüntwangen,2023,152,162,187,266,226,106,9
Hüttikon,2010,75,116,150,182,107,29,6
Hüttikon,2011,73,111,156,177,111,31,5
Hüttikon,2012,91,109,146,179,106,33,4
Hüttikon,2013,94,98,161,171,117,35,3
Hüttikon,2014,105,92,161,185,116,42,2
Hüttikon,2015,179,90,237,210,123,37,3
Hüttikon,2016,194,97,230,227,125,37,6
Hüttikon,2017,209,87,229,228,127,38,7
Hüttikon,2018,208,89,230,224,126,40,5
Hüttikon,2019,222,87,241,226,125,43,5
Hüttikon,2020,213,100,227,226,126,48,7
Hüttikon,2021,206,94,213,229,128,46,8
Hüttikon,2022,208,116,198,241,136,53,7
Hüttikon,2023,204,121,206,237,147,51,7
Illnau-Effretikon,2010,2432,2941,3582,3207,2755,1017,82
Illnau-Effretikon,2011,2478,3051,3623,3329,2749,1045,104
Illnau-Effretikon,2012,2481,3018,3631,3400,2757,1108,110
Illnau-Effretikon,2013,2510,3013,3627,3472,2746,1172,116
Illnau-Effretikon,2014,2517,2960,3638,3505,2696,1239,121
Illnau-Effretikon,2015,2488,2884,3697,3549,2663,1312,116
Illnau-Effretikon,2016,2508,2869,3700,3538,2605,1400,114
Illnau-Effretikon,2017,2555,2893,3758,3540,2612,1452,118
Illnau-Effretikon,2018,2564,2919,3754,3574,2599,1515,114
Illnau-Effretikon,2019,2615,3031,3788,3605,2554,1600,123
Illnau-Effretikon,2020,2609,2980,3819,3592,2549,1668,128
Illnau-Effretikon,2021,2606,3007,3797,3577,2566,1709,133
Illnau-Effretikon,2022,2636,3018,3827,3597,2588,1749,147
Illnau-Effretikon,2023,2647,2970,3902,3590,2607,1779,161
Kappel,2010,183,139,208,207,134,43,4
Kappel,2011,191,134,219,227,132,45,4
Kappel,2012,180,129,203,224,137,45,4
Kappel,2013,179,141,205,238,143,44,5
Kappel,2014,189,145,230,256,142,48,4
Kappel,2015,201,144,224,254,152,49,5
Kappel,2016,235,141,252,267,155,52,8
Kappel,2017,239,132,256,281,157,52,7
Kappel,2018,235,148,258,295,160,55,7
Kappel,2019,245,156,273,311,169,63,4
Kappel,2020,248,168,262,331,168,60,7
Kappel,2021,258,164,287,335,172,63,8
Kappel,2022,277,166,286,341,175,68,8
Kappel,2023,271,176,271,347,174,76,7
Kilchberg,2010,1091,941,1822,1610,1232,660,98
Kilchberg,2011,1127,944,1836,1667,1189,670,108
Kilchberg,2012,1169,920,1916,1703,1162,673,98
Kilchberg,2013,1166,974,1938,1756,1152,682,99
Kilchberg,2014,1206,983,1919,1792,1143,710,100
Kilchberg,2015,1250,1037,1972,1845,1168,711,94
Kilchberg,2016,1344,1016,2065,1912,1171,721,91
Kilchberg,2017,1395,1003,2061,1973,1183,731,91
Kilchberg,2018,1493,1038,2229,2033,1184,743,98
Kilchberg,2019,1547,1068,2216,2063,1168,769,94
Kilchberg,2020,1601,1095,2337,2102,1162,799,93
Kilchberg,2021,1648,1096,2332,2146,1175,802,95
Kilchberg,2022,1638,1070,2294,2157,1189,821,107
Kilchberg,2023,1652,1109,2305,2207,1210,835,107
Kleinandelfingen,2010,373,337,462,503,284,102,16
Kleinandelfingen,2011,344,327,436,494,297,112,12
Kleinandelfingen,2012,335,319,416,509,298,120,11
Kleinandelfingen,2013,338,324,425,511,310,119,11
Kleinandelfingen,2014,344,321,416,531,315,127,9
Kleinandelfingen,2015,350,311,416,531,323,129,8
Kleinandelfingen,2016,348,320,390,534,319,143,9
Kleinandelfingen,2017,358,316,396,514,338,142,13
Kleinandelfingen,2018,364,317,404,524,338,147,15
Kleinandelfingen,2019,345,303,398,510,340,166,15
Kleinandelfingen,2020,341,312,395,518,361,161,16
Kleinandelfingen,2021,338,327,398,515,374,164,15
Kleinandelfingen,2022,342,295,417,502,392,170,13
Kleinandelfingen,2023,349,300,437,500,412,177,16
Kloten,2010,2545,3358,4501,3706,2549,1248,88
Kloten,2011,2494,3456,4483,3847,2527,1288,88
Kloten,2012,2535,3495,4463,3912,2566,1301,101
Kloten,2013,2534,3422,4473,3946,2560,1316,103
Kloten,2014,2568,3335,4432,4003,2525,1351,115
Kloten,2015,2578,3302,4456,4050,2520,1389,117
Kloten,2016,2671,3495,4627,4138,2540,1422,128
Kloten,2017,2750,3560,4740,4157,2598,1410,147
Kloten,2018,2745,3602,4870,4217,2625,1439,149
Kloten,2019,2752,3732,4982,4347,2630,1476,159
Kloten,2020,2788,3753,5075,4442,2638,1504,164
Kloten,2021,2879,3834,5171,4454,2682,1525,170
Kloten,2022,2885,3782,5326,4472,2730,1522,191
Kloten,2023,2938,3855,5397,4523,2773,1538,197
Knonau,2010,330,306,390,419,244,106,7
Knonau,2011,328,318,422,441,268,107,10
Knonau,2012,342,320,438,484,280,103,12
Knonau,2013,348,326,410,507,296,105,7
Knonau,2014,355,326,407,531,295,111,8
Knonau,2015,370,341,406,547,305,114,11
Knonau,2016,404,341,419,561,307,115,11
Knonau,2017,433,349,482,579,316,131,11
Knonau,2018,458,360,503,562,329,146,13
Knonau,2019,477,340,510,556,334,144,12
Knonau,2020,474,331,499,565,344,140,15
Knonau,2021,493,353,509,569,360,147,15
Knonau,2022,481,360,499,544,365,148,14
Knonau,2023,468,376,506,548,362,165,15
Küsnacht,2010,1972,1726,2843,2987,2377,1453,141
Küsnacht,2011,1982,1718,2776,3045,2366,1459,160
Küsnacht,2012,1959,1705,2687,3097,2400,1456,181
Küsnacht,2013,1990,1692,2719,3104,2428,1499,191
Küsnacht,2014,2072,1731,2698,3188,2393,1518,220
Küsnacht,2015,2095,1714,2672,3200,2368,1538,209
Küsnacht,2016,2270,1735,2764,3238,2365,1557,214
Küsnacht,2017,2303,1730,2771,3291,2341,1588,226
Küsnacht,2018,2344,1755,2785,3289,2349,1599,226
Küsnacht,2019,2373,1801,2800,3369,2339,1617,238
Küsnacht,2020,2411,1878,2879,3390,2324,1672,252
Küsnacht,2021,2429,1883,2861,3363,2315,1690,253
Küsnacht,2022,2388,1914,2889,3340,2367,1690,241
Küsnacht,2023,2415,2015,2983,3341,2398,1705,245
Langnau,2010,1126,1156,1512,1565,1283,566,42
Langnau,2011,1106,1143,1486,1573,1283,562,44
Langnau,2012,1120,1134,1470,1579,1304,568,48
Langnau,2013,1135,1142,1465,1627,1295,592,52
Langnau,2014,1149,1176,1463,1653,1293,623,56
Langnau,2015,1179,1163,1444,1698,1262,655,48
Langnau,2016,1182,1167,1435,1717,1241,683,51
Langnau,2017,1197,1170,1402,1723,1226,723,59
Langnau,2018,1215,1174,1400,1733,1189,741,70
Langnau,2019,1235,1239,1455,1738,1198,779,83
Langnau,2020,1297,1207,1544,1746,1176,826,84
Langnau,2021,1291,1233,1556,1786,1183,842,86
Langnau,2022,1272,1252,1594,1799,1177,852,93
Langnau,2023,1305,1235,1628,1797,1219,857,99
Laufen-Uhwiesen,2010,250,205,333,339,258,120,6
Laufen-Uhwiesen,2011,259,192,335,351,264,125,7
Laufen-Uhwiesen,2012,245,199,315,392,271,130,8
Laufen-Uhwiesen,2013,256,209,323,413,281,130,10
Laufen-Uhwiesen,2014,257,216,298,430,286,134,14
Laufen-Uhwiesen,2015,245,228,285,431,290,146,14
Laufen-Uhwiesen,2016,243,222,283,444,293,139,20
Laufen-Uhwiesen,2017,245,231,280,449,300,144,20
Laufen-Uhwiesen,2018,238,258,270,461,304,156,20
Laufen-Uhwiesen,2019,233,267,270,488,316,164,21
Laufen-Uhwiesen,2020,228,272,272,479,332,172,25
Laufen-Uhwiesen,2021,223,258,265,466,363,180,25
Laufen-Uhwiesen,2022,223,244,280,463,360,186,24
Laufen-Uhwiesen,2023,218,258,289,459,379,186,21
Lindau,2010,870,829,1172,1184,713,221,18
Lindau,2011,884,825,1157,1217,749,229,19
Lindau,2012,890,849,1170,1258,779,244,17
Lindau,2013,866,894,1165,1307,798,259,17
Lindau,2014,890,890,1165,1298,851,267,25
Lindau,2015,881,897,1119,1312,851,289,30
Lindau,2016,877,919,1121,1346,860,314,33
Lindau,2017,894,934,1150,1378,891,347,27
Lindau,2018,868,926,1135,1371,912,348,32
Lindau,2019,861,932,1088,1405,908,359,36
Lindau,2020,852,909,1066,1410,918,379,43
Lindau,2021,856,891,1068,1407,912,424,43
Lindau,2022,889,886,1084,1440,929,447,42
Lindau,2023,914,893,1130,1454,943,483,43
Lufingen,2010,330,240,486,428,208,59,5
Lufingen,2011,358,239,486,459,220,58,3
Lufingen,2012,360,241,464,479,224,66,2
Lufingen,2013,352,260,431,528,235,63,3
Lufingen,2014,355,269,431,544,250,62,3
Lufingen,2015,380,296,478,575,257,75,5
Lufingen,2016,410,320,513,593,277,85,4
Lufingen,2017,431,376,557,624,288,94,3
Lufingen,2018,437,367,560,631,299,99,4
Lufingen,2019,429,380,553,617,322,108,5
Lufingen,2020,463,419,597,627,329,122,4
Lufingen,2021,467,404,623,635,357,124,4
Lufingen,2022,485,435,666,662,390,122,3
Lufingen,2023,485,462,696,648,416,127,7
Marthalen,2010,287,391,383,461,294,107,12
Marthalen,2011,287,401,395,471,294,112,15
Marthalen,2012,276,397,378,477,311,113,12
Marthalen,2013,290,393,373,485,311,114,12
Marthalen,2014,304,381,378,482,315,114,12
Marthalen,2015,298,358,362,476,331,114,11
Marthalen,2016,290,345,352,483,336,121,11
Marthalen,2017,290,328,358,483,352,127,11
Marthalen,2018,287,297,347,469,363,131,8
Marthalen,2019,291,299,346,452,374,134,12
Marthalen,2020,304,286,372,433,378,145,11
Marthalen,2021,297,288,369,415,398,153,7
Marthalen,2022,308,281,379,407,399,167,7
Marthalen,2023,310,276,386,395,401,170,10
Maschwanden,2010,107,89,148,134,91,41,2
Maschwanden,2011,112,102,154,131,96,42,4
Maschwanden,2012,116,102,151,136,93,41,2
Maschwanden,2013,118,112,147,147,99,38,3
Maschwanden,2014,113,118,143,148,99,40,3
Maschwanden,2015,105,107,135,158,94,36,3
Maschwanden,2016,100,100,133,150,93,41,3
Maschwanden,2017,113,89,132,160,100,38,4
Maschwanden,2018,117,82,138,169,96,42,4
Maschwanden,2019,114,79,128,172,97,43,7
Maschwanden,2020,118,67,130,166,104,46,5
Maschwanden,2021,120,73,117,170,104,50,7
Maschwanden,2022,119,78,115,168,109,49,6
Maschwanden,2023,112,85,109,168,116,49,3
Maur,2010,1537,1320,2080,2210,1676,651,43
Maur,2011,1507,1353,2003,2278,1669,674,47
Maur,2012,1514,1365,1970,2342,1673,696,50
Maur,2013,1520,1401,1912,2421,1660,729,57
Maur,2014,1511,1369,1880,2467,1662,751,71
Maur,2015,1514,1444,1854,2579,1629,784,68
Maur,2016,1524,1446,1867,2609,1670,845,77
Maur,2017,1517,1443,1877,2666,1623,925,97
Maur,2018,1531,1442,1832,2693,1635,968,103
Maur,2019,1578,1498,1877,2719,1670,1013,107
Maur,2020,1687,1496,1998,2719,1708,1054,116
Maur,2021,1701,1506,1950,2697,1751,1097,111
Maur,2022,1658,1490,1936,2648,1795,1096,121
Maur,2023,1685,1493,1962,2653,1835,1146,127
Meilen,2010,1845,1684,2822,2803,2121,1136,128
Meilen,2011,1909,1664,2785,2884,2163,1144,136
Meilen,2012,1934,1642,2745,2953,2197,1161,145
Meilen,2013,2010,1706,2726,3071,2190,1213,130
Meilen,2014,2034,1732,2691,3158,2213,1242,139
Meilen,2015,2120,1765,2724,3246,2244,1250,166
Meilen,2016,2172,1775,2747,3306,2244,1287,170
Meilen,2017,2225,1792,2775,3415,2249,1322,180
Meilen,2018,2269,1854,2809,3458,2240,1368,192
Meilen,2019,2311,1863,2840,3468,2223,1419,202
Meilen,2020,2393,1856,2893,3484,2245,1456,198
Meilen,2021,2386,1870,2954,3513,2287,1489,185
Meilen,2022,2386,1898,2921,3529,2279,1538,193
Meilen,2023,2327,1931,2907,3491,2355,1544,187
Mettmenstetten,2010,732,762,877,1043,628,186,17
Mettmenstetten,2011,737,764,898,1093,672,193,19
Mettmenstetten,2012,725,778,890,1089,717,200,15
Mettmenstetten,2013,713,794,868,1094,723,210,18
Mettmenstetten,2014,720,763,879,1108,748,228,17
Mettmenstetten,2015,746,812,916,1115,796,254,20
Mettmenstetten,2016,810,792,985,1129,840,267,21
Mettmenstetten,2017,827,771,956,1137,857,291,26
Mettmenstetten,2018,905,790,1022,1160,877,313,27
Mettmenstetten,2019,938,821,1023,1184,871,336,26
Mettmenstetten,2020,986,828,1067,1230,865,374,28
Mettmenstetten,2021,1041,823,1139,1244,882,408,29
Mettmenstetten,2022,1049,806,1178,1230,890,440,32
Mettmenstetten,2023,1076,784,1202,1214,917,460,30
Männedorf,2010,1839,1339,2392,2246,1713,824,84
Männedorf,2011,1818,1330,2265,2388,1690,851,92
Männedorf,2012,1779,1386,2165,2483,1683,892,74
Männedorf,2013,1739,1384,2105,2556,1660,943,85
Männedorf,2014,1710,1426,2034,2652,1627,977,96
Männedorf,2015,1664,1486,1991,2732,1623,991,101
Männedorf,2016,1660,1561,2001,2782,1643,1050,102
Männedorf,2017,1697,1572,1974,2826,1627,1110,107
Männedorf,2018,1726,1654,2062,2856,1625,1169,115
Männedorf,2019,1693,1718,2067,2880,1642,1186,131
Männedorf,2020,1680,1713,2087,2878,1695,1191,145
Männedorf,2021,1682,1658,2102,2846,1715,1219,144
Männedorf,2022,1663,1672,2123,2781,1803,1225,157
Männedorf,2023,1666,1723,2176,2800,1881,1252,164
Mönchaltorf,2010,524,552,717,802,681,169,16
Mönchaltorf,2011,522,547,696,777,712,175,13
Mönchaltorf,2012,531,513,688,768,745,180,14
Mönchaltorf,2013,538,487,692,795,744,188,15
Mönchaltorf,2014,593,484,763,798,771,198,11
Mönchaltorf,2015,592,498,776,792,790,207,15
Mönchaltorf,2016,595,496,753,794,791,239,16
Mönchaltorf,2017,609,518,734,796,777,262,19
Mönchaltorf,2018,601,525,739,818,756,293,21
Mönchaltorf,2019,638,557,761,815,780,316,20
Mönchaltorf,2020,665,586,834,854,765,349,25
Mönchaltorf,2021,651,584,862,850,747,396,25
Mönchaltorf,2022,666,563,855,839,752,416,22
Mönchaltorf,2023,703,567,874,883,739,450,19
Neerach,2010,398,391,761,782,489,144,4
Neerach,2011,379,392,774,789,525,149,6
Neerach,2012,381,365,732,826,558,153,4
Neerach,2013,371,370,675,868,570,163,4
Neerach,2014,347,369,633,887,590,170,9
Neerach,2015,338,386,629,893,610,180,8
Neerach,2016,353,387,649,910,606,189,12
Neerach,2017,352,394,640,911,630,195,18
Neerach,2018,371,385,641,897,645,211,20
Neerach,2019,386,372,621,888,663,224,20
Neerach,2020,391,376,615,890,684,242,27
Neerach,2021,407,384,625,865,707,253,28
Neerach,2022,433,365,637,848,731,276,26
Neerach,2023,433,377,620,829,718,307,30
Neftenbach,2010,890,970,1174,1292,660,231,7
Neftenbach,2011,915,954,1173,1330,676,248,14
Neftenbach,2012,957,944,1190,1349,713,253,13
Neftenbach,2013,958,921,1164,1392,720,268,15
Neftenbach,2014,1004,886,1142,1428,744,276,18
Neftenbach,2015,1001,831,1161,1414,772,297,24
Neftenbach,2016,1000,840,1111,1436,801,321,28
Neftenbach,2017,996,813,1073,1448,836,342,25
Neftenbach,2018,1026,852,1076,1457,872,355,34
Neftenbach,2019,1015,852,1079,1460,893,384,36
Neftenbach,2020,1016,847,1083,1456,914,404,33
Neftenbach,2021,1002,852,1062,1452,960,427,42
Neftenbach,2022,950,831,1060,1418,1001,444,48
Neftenbach,2023,939,837,1048,1388,1039,457,50
Niederglatt,2010,742,847,1112,1017,599,227,26
Niederglatt,2011,715,836,1072,1038,612,238,32
Niederglatt,2012,716,827,1073,1072,605,243,32
Niederglatt,2013,722,827,1082,1104,630,246,31
Niederglatt,2014,722,847,1083,1129,649,252,31
Niederglatt,2015,741,839,1096,1125,664,260,26
Niederglatt,2016,766,889,1093,1160,687,264,30
Niederglatt,2017,758,917,1054,1181,694,284,29
Niederglatt,2018,734,918,1045,1192,719,290,36
Niederglatt,2019,770,886,1051,1205,743,300,36
Niederglatt,2020,739,863,986,1231,772,311,35
Niederglatt,2021,733,878,976,1226,796,317,33
Niederglatt,2022,752,950,1037,1235,824,331,38
Niederglatt,2023,786,994,1092,1216,859,342,36
Niederhasli,2010,1449,1673,1974,1906,1143,372,9
Niederhasli,2011,1413,1683,1982,1952,1167,386,11
Niederhasli,2012,1432,1687,1955,1998,1210,411,17
Niederhasli,2013,1436,1698,1989,2055,1204,440,23
Niederhasli,2014,1471,1736,2000,2108,1232,460,21
Niederhasli,2015,1465,1727,1991,2138,1269,465,30
Niederhasli,2016,1508,1662,1988,2182,1287,509,32
Niederhasli,2017,1503,1641,2001,2140,1331,535,37
Niederhasli,2018,1500,1685,1977,2127,1349,561,49
Niederhasli,2019,1505,1650,2040,2127,1364,604,50
Niederhasli,2020,1507,1662,2076,2107,1401,635,58
Niederhasli,2021,1524,1645,2053,2114,1383,672,56
Niederhasli,2022,1535,1620,2069,2093,1416,689,61
Niederhasli,2023,1553,1627,2095,2103,1441,713,57
Niederweningen,2010,523,444,656,665,332,93,14
Niederweningen,2011,522,456,624,699,347,99,14
Niederweningen,2012,504,452,605,714,368,101,14
Niederweningen,2013,494,483,580,725,389,101,15
Niederweningen,2014,502,514,572,771,396,102,14
Niederweningen,2015,480,526,538,785,395,123,9
Niederweningen,2016,494,517,541,799,425,131,9
Niederweningen,2017,500,534,576,815,451,139,9
Niederweningen,2018,510,529,584,822,454,143,11
Niederweningen,2019,516,512,577,824,469,159,15
Niederweningen,2020,511,517,563,833,469,181,15
Niederweningen,2021,511,500,581,838,466,195,18
Niederweningen,2022,493,504,557,829,482,200,16
Niederweningen,2023,515,528,636,826,508,193,19
Nürensdorf,2010,731,809,1150,1255,900,315,10
Nürensdorf,2011,732,799,1160,1253,918,348,14
Nürensdorf,2012,735,787,1154,1268,941,355,21
Nürensdorf,2013,735,815,1112,1286,954,385,24
Nürensdorf,2014,767,789,1112,1303,984,402,26
Nürensdorf,2015,798,789,1110,1314,1007,425,21
Nürensdorf,2016,809,797,1141,1334,1019,455,26
Nürensdorf,2017,816,787,1118,1353,1001,483,33
Nürensdorf,2018,802,767,1127,1375,1014,494,33
Nürensdorf,2019,777,782,1066,1405,1001,523,39
Nürensdorf,2020,777,774,1078,1401,986,564,36
Nürensdorf,2021,794,786,1090,1408,1006,596,38
Nürensdorf,2022,797,777,1061,1382,1025,604,52
Nürensdorf,2023,818,773,1044,1392,1033,635,60
Oberembrach,2010,140,151,213,239,154,62,7
Oberembrach,2011,147,167,214,249,159,60,5
Oberembrach,2012,139,173,223,261,162,60,7
Oberembrach,2013,155,179,251,272,165,65,7
Oberembrach,2014,155,175,245,273,170,66,7
Oberembrach,2015,139,167,234,268,180,70,8
Oberembrach,2016,138,172,217,287,172,75,7
Oberembrach,2017,132,151,207,295,181,85,6
Oberembrach,2018,138,146,195,295,187,84,9
Oberembrach,2019,154,152,206,311,185,83,10
Oberembrach,2020,148,139,214,308,188,90,10
Oberembrach,2021,137,135,202,308,190,94,9
Oberembrach,2022,134,131,215,293,199,103,8
Oberembrach,2023,136,137,201,286,214,99,6
Oberengstringen,2010,892,1079,1478,1246,1018,622,46
Oberengstringen,2011,871,1044,1464,1289,1032,636,48
Oberengstringen,2012,878,1071,1410,1283,1056,643,56
Oberengstringen,2013,893,1050,1423,1301,1051,656,70
Oberengstringen,2014,936,1015,1493,1350,1011,663,71
Oberengstringen,2015,914,1021,1492,1370,1017,653,82
Oberengstringen,2016,922,993,1498,1402,992,663,93
Oberengstringen,2017,886,1032,1486,1437,971,669,88
Oberengstringen,2018,885,988,1524,1449,973,660,91
Oberengstringen,2019,902,1079,1548,1488,974,666,82
Oberengstringen,2020,882,1056,1575,1480,980,661,90
Oberengstringen,2021,888,1073,1615,1484,980,659,100
Oberengstringen,2022,873,1104,1623,1458,999,679,95
Oberengstringen,2023,859,1086,1609,1466,1002,689,87
Oberglatt,2010,1030,1244,1480,1217,690,186,15
Oberglatt,2011,1064,1223,1520,1247,713,198,14
Oberglatt,2012,1074,1243,1536,1282,709,198,18
Oberglatt,2013,1110,1442,1639,1327,721,208,13
Oberglatt,2014,1155,1428,1714,1360,745,217,13
Oberglatt,2015,1185,1478,1726,1399,755,231,15
Oberglatt,2016,1194,1454,1776,1456,794,247,19
Oberglatt,2017,1181,1447,1771,1483,800,263,19
Oberglatt,2018,1186,1460,1811,1502,832,280,17
Oberglatt,2019,1165,1507,1827,1539,852,299,19
Oberglatt,2020,1193,1538,1835,1553,899,320,23
Oberglatt,2021,1202,1521,1876,1577,924,323,26
Oberglatt,2022,1210,1508,1861,1602,962,341,24
Oberglatt,2023,1240,1455,1867,1656,963,372,20
Oberrieden,2010,699,687,960,1148,931,461,50
Oberrieden,2011,685,677,982,1173,931,473,48
Oberrieden,2012,696,681,955,1188,933,466,46
Oberrieden,2013,692,676,930,1191,941,474,57
Oberrieden,2014,715,664,940,1212,932,498,55
Oberrieden,2015,714,667,923,1226,927,515,55
Oberrieden,2016,714,656,916,1226,911,540,54
Oberrieden,2017,730,671,902,1211,940,558,59
Oberrieden,2018,748,650,885,1222,932,584,64
Oberrieden,2019,737,624,867,1177,933,596,62
Oberrieden,2020,761,663,917,1182,913,622,60
Oberrieden,2021,763,633,937,1180,894,646,61
Oberrieden,2022,796,639,992,1208,925,646,74
Oberrieden,2023,818,656,1008,1223,965,645,70
Oberweningen,2010,282,339,400,433,230,54,7
Oberweningen,2011,285,332,394,427,233,56,6
Oberweningen,2012,284,327,372,444,256,58,8
Oberweningen,2013,263,315,369,452,269,72,8
Oberweningen,2014,289,313,385,469,281,78,8
Oberweningen,2015,279,311,361,473,284,81,7
Oberweningen,2016,255,320,347,473,294,83,4
Oberweningen,2017,245,318,337,500,302,92,3
Oberweningen,2018,245,312,346,477,320,95,4
Oberweningen,2019,245,293,346,473,329,103,2
Oberweningen,2020,273,297,380,489,337,116,4
Oberweningen,2021,272,296,374,482,338,123,6
Oberweningen,2022,275,277,372,486,336,130,6
Oberweningen,2023,257,288,365,482,352,130,10
Obfelden,2010,826,828,1070,1017,707,213,21
Obfelden,2011,831,846,1015,1081,746,217,20
Obfelden,2012,832,853,988,1130,766,237,22
Obfelden,2013,832,849,981,1142,798,243,16
Obfelden,2014,865,832,997,1145,817,253,16
Obfelden,2015,882,825,989,1185,838,268,20
Obfelden,2016,882,849,1018,1202,862,282,24
Obfelden,2017,931,908,1097,1219,861,302,22
Obfelden,2018,1012,940,1171,1240,869,320,28
Obfelden,2019,1026,975,1214,1270,859,348,33
Obfelden,2020,1047,953,1230,1266,860,386,36
Obfelden,2021,1041,917,1241,1254,852,416,34
Obfelden,2022,1052,905,1256,1254,841,434,37
Obfelden,2023,1037,918,1257,1263,859,472,36
Oetwil,2010,706,815,1031,1024,602,176,15
Oetwil,2011,726,849,1032,1080,604,186,14
Oetwil,2012,750,826,1038,1104,615,199,14
Oetwil,2013,748,810,1053,1101,625,224,16
Oetwil,2014,721,843,1000,1138,642,222,15
Oetwil,2015,753,842,1001,1173,648,227,17
Oetwil,2016,777,823,1035,1171,669,238,19
Oetwil,2017,787,809,1039,1172,685,245,17
Oetwil,2018,790,829,1049,1182,694,253,17
Oetwil,2019,801,814,1060,1190,695,267,17
Oetwil,2020,789,796,1051,1210,710,276,16
Oetwil,2021,801,780,1079,1225,745,292,21
Oetwil,2022,754,819,1054,1224,765,308,21
Oetwil,2023,765,866,1074,1250,763,338,19
Oetwil an der Limmat,2010,279,322,485,543,505,154,7
Oetwil an der Limmat,2011,287,323,487,560,501,163,9
Oetwil an der Limmat,2012,289,309,480,575,500,165,8
Oetwil an der Limmat,2013,279,317,440,600,469,174,14
Oetwil an der Limmat,2014,266,338,429,624,458,180,15
Oetwil an der Limmat,2015,263,344,437,653,458,191,17
Oetwil an der Limmat,2016,268,358,464,667,443,214,18
Oetwil an der Limmat,2017,281,354,475,672,433,232,17
Oetwil an der Limmat,2018,312,361,501,668,433,256,16
Oetwil an der Limmat,2019,298,357,485,683,426,254,15
Oetwil an der Limmat,2020,312,355,481,677,429,258,17
Oetwil an der Limmat,2021,312,342,492,661,470,258,20
Oetwil an der Limmat,2022,314,343,494,646,475,275,17
Oetwil an der Limmat,2023,324,331,477,658,493,282,20
Opfikon,2010,2237,3522,4072,2962,1849,864,76
Opfikon,2011,2348,3563,4216,3004,1864,887,85
Opfikon,2012,2395,3396,4332,3055,1863,918,86
Opfikon,2013,2529,3368,4449,3108,1859,938,87
Opfikon,2014,2675,3397,4830,3237,1898,947,101
Opfikon,2015,2823,3957,5300,3375,1964,960,103
Opfikon,2016,3009,4131,5665,3526,2019,1000,111
Opfikon,2017,3188,4035,5899,3543,2077,1008,114
Opfikon,2018,3314,3900,6161,3619,2118,1037,103
Opfikon,2019,3465,3881,6513,3716,2148,1059,107
Opfikon,2020,3485,3774,6496,3794,2175,1070,111
Opfikon,2021,3462,3792,6418,3892,2180,1112,108
Opfikon,2022,3449,3818,6413,3999,2204,1117,127
Opfikon,2023,3460,3855,6488,4129,2231,1138,124
Ossingen,2010,240,241,255,301,199,95,10
Ossingen,2011,244,237,251,314,208,89,7
Ossingen,2012,241,235,249,306,218,92,7
Ossingen,2013,228,236,257,317,221,92,7
Ossingen,2014,231,237,265,337,222,91,6
Ossingen,2015,229,253,257,353,229,94,7
Ossingen,2016,220,261,260,377,235,92,6
Ossingen,2017,234,272,285,405,260,105,5
Ossingen,2018,240,273,313,408,286,108,5
Ossingen,2019,243,300,305,407,288,116,6
Ossingen,2020,261,325,308,412,289,123,8
Ossingen,2021,256,297,318,381,309,126,9
Ossingen,2022,261,277,344,380,306,131,11
Ossingen,2023,259,268,336,378,307,134,15
Otelfingen,2010,388,407,573,562,386,123,10
Otelfingen,2011,452,396,637,592,392,131,8
Otelfingen,2012,509,412,682,611,393,134,10
Otelfingen,2013,502,401,666,618,391,142,9
Otelfingen,2014,511,403,665,644,398,155,10
Otelfingen,2015,523,394,641,647,399,163,10
Otelfingen,2016,523,409,629,681,399,166,14
Otelfingen,2017,522,413,607,688,410,178,13
Otelfingen,2018,531,433,648,705,408,186,17
Otelfingen,2019,536,438,654,718,419,198,17
Otelfingen,2020,525,405,639,716,429,202,24
Otelfingen,2021,503,430,617,705,436,215,24
Otelfingen,2022,495,441,612,698,449,221,19
Otelfingen,2023,496,465,599,711,471,231,18
Ottenbach,2010,383,383,489,618,408,120,11
Ottenbach,2011,396,388,483,616,441,121,14
Ottenbach,2012,390,374,488,637,459,116,15
Ottenbach,2013,378,384,470,631,476,120,16
Ottenbach,2014,383,399,470,649,500,130,11
Ottenbach,2015,380,396,477,647,519,136,11
Ottenbach,2016,384,375,475,654,539,140,11
Ottenbach,2017,385,357,442,664,540,156,12
Ottenbach,2018,377,359,437,645,538,185,12
Ottenbach,2019,389,361,454,636,542,198,13
Ottenbach,2020,420,391,483,646,554,201,11
Ottenbach,2021,426,389,502,633,560,217,16
Ottenbach,2022,450,403,534,634,584,227,15
Ottenbach,2023,471,422,562,643,597,235,20
Pfungen,2010,480,581,725,617,393,154,12
Pfungen,2011,554,657,854,680,396,154,14
Pfungen,2012,554,668,855,725,405,162,13
Pfungen,2013,622,658,911,742,412,172,14
Pfungen,2014,638,673,889,817,439,182,17
Pfungen,2015,655,667,914,857,455,189,13
Pfungen,2016,651,666,889,869,460,201,14
Pfungen,2017,651,692,883,911,466,216,12
Pfungen,2018,653,712,866,911,474,217,12
Pfungen,2019,651,708,866,939,490,227,14
Pfungen,2020,655,703,874,947,507,240,19
Pfungen,2021,635,735,875,953,503,271,15
Pfungen,2022,641,721,911,963,515,282,18
Pfungen,2023,636,719,930,985,548,286,20
Pfäffikon,2010,1597,1866,2298,2345,1692,737,67
Pfäffikon,2011,1628,1852,2301,2437,1753,784,62
Pfäffikon,2012,1651,1859,2307,2532,1785,808,70
Pfäffikon,2013,1659,1842,2279,2573,1818,844,74
Pfäffikon,2014,1712,1842,2261,2632,1849,883,81
Pfäffikon,2015,1769,1839,2287,2661,1900,892,91
Pfäffikon,2016,1808,1869,2384,2684,1958,927,98
Pfäffikon,2017,1811,1891,2397,2646,2001,966,105
Pfäffikon,2018,1796,1841,2452,2658,2024,1011,117
Pfäffikon,2019,1805,1866,2535,2695,2058,1061,115
Pfäffikon,2020,1806,1871,2506,2727,2076,1076,118
Pfäffikon,2021,1845,1864,2540,2745,2078,1138,121
Pfäffikon,2022,1810,1843,2522,2769,2117,1178,123
Pfäffikon,2023,1817,1826,2600,2707,2188,1225,121
Rafz,2010,693,739,870,928,531,238,26
Rafz,2011,668,767,859,958,544,231,27
Rafz,2012,678,730,856,995,575,221,30
Rafz,2013,669,748,857,1029,603,231,25
Rafz,2014,679,760,823,1067,632,247,27
Rafz,2015,697,780,825,1098,664,243,34
Rafz,2016,694,799,825,1102,686,253,30
Rafz,2017,703,777,855,1113,722,263,29
Rafz,2018,710,791,889,1109,763,281,25
Rafz,2019,721,781,918,1130,772,300,28
Rafz,2020,716,735,941,1093,799,312,28
Rafz,2021,735,718,988,1059,816,331,27
Rafz,2022,699,703,984,1057,829,366,32
Rafz,2023,718,726,980,1061,843,392,37
Regensberg,2010,84,66,132,98,83,24,1
Regensberg,2011,97,59,124,108,82,27,1
Regensberg,2012,93,55,127,107,74,33,1
Regensberg,2013,85,49,126,122,67,35,1
Regensberg,2014,81,51,127,123,70,36,1
Regensberg,2015,70,47,112,131,67,37,1
Regensberg,2016,71,43,106,136,73,39,1
Regensberg,2017,68,58,92,137,73,42,3
Regensberg,2018,70,65,86,143,72,45,5
Regensberg,2019,58,63,80,143,70,45,6
Regensberg,2020,59,64,76,140,68,46,8
Regensberg,2021,59,60,70,142,73,47,9
Regensberg,2022,59,61,71,143,75,50,7
Regensberg,2023,65,60,66,140,75,47,10
Regensdorf,2010,2627,3086,3865,3510,2395,979,56
Regensdorf,2011,2668,3143,3926,3582,2401,1047,57
Regensdorf,2012,2746,3135,3920,3607,2414,1074,55
Regensdorf,2013,2779,3105,3958,3673,2439,1107,71
Regensdorf,2014,2766,3230,4014,3718,2490,1154,71
Regensdorf,2015,2800,3413,4181,3793,2544,1205,74
Regensdorf,2016,2818,3360,4206,3825,2566,1248,89
Regensdorf,2017,2860,3312,4212,3893,2588,1285,103
Regensdorf,2018,2856,3329,4222,3937,2613,1344,110
Regensdorf,2019,2864,3320,4236,3964,2605,1377,127
Regensdorf,2020,2901,3307,4243,3946,2637,1377,139
Regensdorf,2021,2915,3176,4265,3945,2646,1426,146
Regensdorf,2022,2920,3191,4386,3932,2688,1434,154
Regensdorf,2023,3030,3471,4650,4043,2770,1516,157
Rheinau,2010,177,212,242,373,184,98,14
Rheinau,2011,183,217,246,373,188,97,12
Rheinau,2012,178,236,233,390,199,97,13
Rheinau,2013,173,214,228,393,203,100,10
Rheinau,2014,172,204,222,389,218,93,14
Rheinau,2015,170,210,203,393,230,97,13
Rheinau,2016,170,200,207,377,231,104,12
Rheinau,2017,168,206,190,370,247,105,12
Rheinau,2018,181,198,199,356,261,112,16
Rheinau,2019,178,198,189,356,268,110,16
Rheinau,2020,177,181,199,329,282,110,13
Rheinau,2021,176,189,201,323,284,109,13
Rheinau,2022,172,178,197,312,301,109,16
Rheinau,2023,174,166,212,301,296,121,14
Richterswil,2010,1967,2118,2741,2788,1909,747,66
Richterswil,2011,2002,2151,2766,2854,1936,789,76
Richterswil,2012,2093,2139,2786,2926,1984,808,89
Richterswil,2013,2113,2147,2744,3049,2020,850,76
Richterswil,2014,2135,2083,2724,3060,2037,888,81
Richterswil,2015,2171,2080,2723,3118,2074,925,86
Richterswil,2016,2222,2082,2698,3121,2124,974,83
Richterswil,2017,2233,2096,2681,3097,2180,1037,83
Richterswil,2018,2250,2056,2637,3146,2197,1093,88
Richterswil,2019,2263,2070,2648,3130,2232,1159,96
Richterswil,2020,2245,2035,2670,3157,2239,1196,105
Richterswil,2021,2270,2044,2679,3174,2266,1260,107
Richterswil,2022,2265,2038,2730,3221,2274,1320,118
Richterswil,2023,2301,2113,2745,3176,2369,1345,133
Rickenbach,2010,447,399,561,546,348,188,11
Rickenbach,2011,460,397,561,555,361,188,13
Rickenbach,2012,458,391,551,580,365,191,13
Rickenbach,2013,445,376,523,598,363,198,12
Rickenbach,2014,436,381,540,608,378,199,12
Rickenbach,2015,440,403,516,638,380,200,14
Rickenbach,2016,485,423,528,627,393,209,18
Rickenbach,2017,474,387,537,617,410,214,16
Rickenbach,2018,492,400,550,616,419,209,17
Rickenbach,2019,507,400,560,616,422,216,22
Rickenbach,2020,525,401,577,614,423,231,28
Rickenbach,2021,525,395,577,610,416,237,23
Rickenbach,2022,513,398,565,594,427,242,31
Rickenbach,2023,516,411,568,609,424,252,32
Rifferswil,2010,184,137,203,196,119,60,1
Rifferswil,2011,190,145,209,200,131,54,4
Rifferswil,2012,203,136,207,214,140,52,5
Rifferswil,2013,204,116,205,230,150,48,6
Rifferswil,2014,213,130,209,237,154,50,6
Rifferswil,2015,240,127,228,247,155,49,10
Rifferswil,2016,246,118,219,272,164,48,8
Rifferswil,2017,246,126,214,279,171,54,6
Rifferswil,2018,256,130,211,291,171,55,8
Rifferswil,2019,240,143,206,295,179,55,11
Rifferswil,2020,237,156,204,293,192,58,9
Rifferswil,2021,223,167,200,286,206,60,9
Rifferswil,2022,223,156,198,288,205,71,9
Rifferswil,2023,207,167,183,296,201,83,8
Rorbas,2010,371,467,561,569,283,87,5
Rorbas,2011,406,494,605,582,292,92,7
Rorbas,2012,414,498,602,582,312,87,8
Rorbas,2013,438,518,617,594,321,86,9
Rorbas,2014,480,523,637,617,347,85,12
Rorbas,2015,495,521,628,640,358,91,9
Rorbas,2016,529,520,616,659,359,103,8
Rorbas,2017,534,513,641,666,361,116,6
Rorbas,2018,525,481,644,677,367,123,7
Rorbas,2019,546,487,669,677,369,129,5
Rorbas,2020,532,469,673,691,378,134,5
Rorbas,2021,542,464,658,684,404,145,5
Rorbas,2022,524,436,687,681,419,154,7
Rorbas,2023,538,467,687,694,443,168,6
Russikon,2010,628,633,856,1016,695,248,20
Russikon,2011,643,634,828,1028,718,256,19
Russikon,2012,660,619,803,1024,735,266,25
Russikon,2013,685,598,787,1047,736,271,31
Russikon,2014,689,593,791,1063,742,290,29
Russikon,2015,705,587,813,1079,772,298,28
Russikon,2016,732,580,828,1092,791,296,27
Russikon,2017,737,584,812,1067,815,310,30
Russikon,2018,719,593,784,1081,816,327,35
Russikon,2019,728,590,804,1064,833,329,39
Russikon,2020,733,569,807,1061,830,368,41
Russikon,2021,748,584,784,1074,845,384,43
Russikon,2022,721,612,818,1067,856,400,37
Russikon,2023,707,625,848,1062,869,418,36
Rümlang,2010,987,1359,1654,1396,841,430,31
Rümlang,2011,988,1447,1667,1472,871,444,35
Rümlang,2012,1012,1440,1632,1519,908,458,37
Rümlang,2013,1057,1452,1708,1544,929,492,35
Rümlang,2014,1131,1484,1786,1617,965,510,48
Rümlang,2015,1191,1524,1861,1613,992,529,42
Rümlang,2016,1252,1560,1925,1659,1013,535,47
Rümlang,2017,1271,1417,1975,1619,1043,548,56
Rümlang,2018,1333,1462,2042,1637,1067,554,64
Rümlang,2019,1348,1444,2083,1637,1075,568,74
Rümlang,2020,1369,1423,2119,1633,1100,549,88
Rümlang,2021,1402,1384,2111,1666,1132,521,81
Rümlang,2022,1383,1299,2102,1653,1143,517,83
Rümlang,2023,1380,1296,2087,1653,1153,537,83
Rüschlikon,2010,757,745,1123,1235,835,484,48
Rüschlikon,2011,782,752,1174,1281,842,504,50
Rüschlikon,2012,812,729,1161,1300,855,511,50
Rüschlikon,2013,838,734,1198,1325,869,525,53
Rüschlikon,2014,877,704,1202,1345,858,530,57
Rüschlikon,2015,890,739,1216,1352,852,561,54
Rüschlikon,2016,914,730,1246,1363,847,552,68
Rüschlikon,2017,947,752,1272,1396,845,545,73
Rüschlikon,2018,1028,784,1326,1411,842,548,89
Rüschlikon,2019,1070,776,1351,1412,854,554,86
Rüschlikon,2020,1086,764,1355,1419,872,528,96
Rüschlikon,2021,1098,769,1352,1412,893,523,91
Rüschlikon,2022,1099,750,1406,1446,890,535,89
Rüschlikon,2023,1122,755,1379,1448,936,545,83
Rüti,2010,1771,2422,2486,2584,1727,872,72
Rüti,2011,1739,2362,2424,2579,1733,883,82
Rüti,2012,1730,2442,2369,2647,1773,881,86
Rüti,2013,1738,2368,2330,2684,1829,882,97
Rüti,2014,1765,2324,2349,2679,1882,887,93
Rüti,2015,1746,2300,2355,2671,1926,907,106
Rüti,2016,1735,2233,2377,2697,1953,914,103
Rüti,2017,1787,2154,2429,2690,1984,941,113
Rüti,2018,1770,2084,2456,2733,1982,989,110
Rüti,2019,1804,2093,2526,2698,1998,1025,110
Rüti,2020,1824,2166,2592,2706,2043,1049,105
Rüti,2021,1858,2174,2658,2684,2066,1079,112
Rüti,2022,1863,2136,2725,2616,2129,1106,109
Rüti,2023,1892,2154,2725,2579,2224,1124,124
Schlatt,2010,159,114,159,165,100,34,3
Schlatt,2011,164,103,157,168,108,34,3
Schlatt,2012,166,100,155,175,107,34,1
Schlatt,2013,161,104,152,168,106,39,3
Schlatt,2014,171,106,151,174,100,48,4
Schlatt,2015,168,95,143,170,103,52,4
Schlatt,2016,158,100,147,165,112,55,2
Schlatt,2017,148,104,140,164,115,57,2
Schlatt,2018,163,96,160,171,112,58,3
Schlatt,2019,162,109,166,170,117,58,3
Schlatt,2020,156,106,164,173,116,61,2
Schlatt,2021,151,96,161,180,112,63,3
Schlatt,2022,137,100,151,190,111,64,6
Schlatt,2023,140,109,160,183,114,63,6
Schleinikon,2010,116,127,167,183,90,32,2
Schleinikon,2011,111,128,153,201,95,33,1
Schleinikon,2012,107,133,148,202,97,31,0
Schleinikon,2013,102,134,150,191,93,37,0
Schleinikon,2014,102,147,153,188,102,37,1
Schleinikon,2015,99,137,136,203,105,39,1
Schleinikon,2016,101,134,133,209,113,33,2
Schleinikon,2017,99,148,131,201,119,36,2
Schleinikon,2018,103,125,130,205,124,39,2
Schleinikon,2019,106,121,140,216,131,40,3
Schleinikon,2020,112,163,160,227,146,44,4
Schleinikon,2021,115,155,169,227,143,46,5
Schleinikon,2022,107,144,174,241,141,50,4
Schleinikon,2023,115,148,168,234,149,52,4
Schlieren,2010,2455,3442,3929,3207,1912,1080,78
Schlieren,2011,2520,3593,4102,3361,1921,1094,94
Schlieren,2012,2600,3620,4284,3509,1938,1116,103
Schlieren,2013,2635,3674,4469,3625,1952,1126,117
Schlieren,2014,2695,3683,4616,3628,1983,1147,121
Schlieren,2015,2706,3854,4819,3714,2051,1145,125
Schlieren,2016,2765,3790,4955,3810,2093,1138,130
Schlieren,2017,2726,3772,4964,3823,2109,1124,148
Schlieren,2018,2713,3705,5018,3822,2119,1142,151
Schlieren,2019,2722,3626,5116,3817,2183,1133,157
Schlieren,2020,2860,4004,5552,3905,2259,1143,149
Schlieren,2021,2854,4002,5574,3862,2289,1166,156
Schlieren,2022,2891,4044,5774,3956,2296,1189,170
Schlieren,2023,2881,4009,5842,4049,2356,1201,170
Schwerzenbach,2010,682,792,1058,949,660,273,17
Schwerzenbach,2011,677,825,1070,978,658,301,18
Schwerzenbach,2012,701,855,1151,1013,682,317,18
Schwerzenbach,2013,732,893,1224,1047,696,342,19
Schwerzenbach,2014,770,883,1232,1061,678,360,19
Schwerzenbach,2015,782,838,1231,1090,689,369,21
Schwerzenbach,2016,780,840,1230,1103,703,390,26
Schwerzenbach,2017,786,863,1196,1089,715,409,30
Schwerzenbach,2018,803,857,1193,1102,703,415,35
Schwerzenbach,2019,826,824,1226,1113,698,443,38
Schwerzenbach,2020,833,822,1213,1119,705,452,39
Schwerzenbach,2021,830,814,1173,1102,706,460,40
Schwerzenbach,2022,822,805,1184,1117,706,452,44
Schwerzenbach,2023,808,824,1192,1113,730,455,42
Schöfflisdorf,2010,189,214,323,315,224,80,8
Schöfflisdorf,2011,203,214,318,311,222,80,8
Schöfflisdorf,2012,207,219,295,329,230,84,9
Schöfflisdorf,2013,198,227,264,346,226,93,8
Schöfflisdorf,2014,202,213,261,358,236,106,8
Schöfflisdorf,2015,207,210,251,369,244,106,8
Schöfflisdorf,2016,200,213,237,373,243,107,11
Schöfflisdorf,2017,205,204,246,379,242,110,12
Schöfflisdorf,2018,205,193,233,378,235,123,10
Schöfflisdorf,2019,206,183,228,385,233,133,9
Schöfflisdorf,2020,203,174,246,376,247,138,10
Schöfflisdorf,2021,194,175,222,377,251,146,9
Schöfflisdorf,2022,192,166,218,373,254,148,10
Schöfflisdorf,2023,199,171,223,368,262,152,14
Seegräben,2010,219,233,285,294,201,62,2
Seegräben,2011,207,236,294,296,202,61,2
Seegräben,2012,206,228,297,303,204,65,4
Seegräben,2013,218,200,316,322,205,65,6
Seegräben,2014,238,205,345,339,202,66,4
Seegräben,2015,245,207,345,357,203,72,6
Seegräben,2016,237,218,320,363,213,74,11
Seegräben,2017,234,212,296,369,227,78,10
Seegräben,2018,231,212,309,358,231,88,10
Seegräben,2019,229,207,298,347,242,95,8
Seegräben,2020,224,184,297,357,247,107,7
Seegräben,2021,218,180,307,339,254,116,9
Seegräben,2022,215,176,301,349,254,117,7
Seegräben,2023,230,186,305,356,255,117,8
Seuzach,2010,986,1201,1514,1531,1216,575,27
Seuzach,2011,975,1179,1505,1545,1228,599,31
Seuzach,2012,962,1197,1451,1617,1257,612,32
Seuzach,2013,952,1198,1400,1676,1276,639,45
Seuzach,2014,965,1175,1428,1670,1281,660,51
Seuzach,2015,936,1155,1396,1688,1278,702,43
Seuzach,2016,969,1122,1397,1689,1277,739,50
Seuzach,2017,982,1107,1390,1705,1291,758,58
Seuzach,2018,993,1075,1409,1675,1289,805,74
Seuzach,2019,1016,1093,1440,1661,1290,843,84
Seuzach,2020,1024,1053,1470,1635,1283,864,93
Seuzach,2021,1075,1065,1529,1644,1305,918,91
Seuzach,2022,1140,1000,1587,1601,1336,933,94
Seuzach,2023,1181,1003,1622,1601,1375,953,111
Stadel,2010,316,310,458,491,270,123,11
Stadel,2011,316,318,423,520,270,125,8
Stadel,2012,320,343,410,514,289,126,8
Stadel,2013,318,333,400,538,297,127,13
Stadel,2014,332,367,425,575,314,129,17
Stadel,2015,346,359,449,580,323,137,16
Stadel,2016,352,351,446,586,333,146,10
Stadel,2017,352,360,459,590,341,158,11
Stadel,2018,362,362,471,578,341,164,12
Stadel,2019,349,374,468,573,343,174,15
Stadel,2020,346,377,490,561,372,172,17
Stadel,2021,341,378,474,576,379,173,20
Stadel,2022,338,381,475,574,399,162,19
Stadel,2023,334,393,460,588,403,162,19
Stallikon,2010,471,429,801,797,496,160,6
Stallikon,2011,496,445,816,823,497,181,7
Stallikon,2012,500,446,817,828,518,180,8
Stallikon,2013,517,452,789,842,526,189,6
Stallikon,2014,511,443,746,844,542,194,10
Stallikon,2015,541,476,747,883,577,201,13
Stallikon,2016,583,502,809,915,595,214,11
Stallikon,2017,606,491,825,931,594,224,16
Stallikon,2018,611,482,844,896,594,232,17
Stallikon,2019,639,477,831,951,598,243,14
Stallikon,2020,656,481,797,972,597,264,18
Stallikon,2021,698,451,806,967,607,277,21
Stallikon,2022,707,434,804,975,623,296,16
Stallikon,2023,696,445,822,943,647,293,15
Stammheim,2010,451,508,472,666,365,171,13
Stammheim,2011,455,488,479,675,386,178,12
Stammheim,2012,440,469,466,680,416,175,15
Stammheim,2013,439,490,469,692,426,179,15
Stammheim,2014,435,475,465,701,452,184,15
Stammheim,2015,454,472,476,687,474,186,22
Stammheim,2016,447,452,477,663,494,188,25
Stammheim,2017,438,445,469,653,522,191,23
Stammheim,2018,428,441,452,642,551,201,25
Stammheim,2019,434,441,462,629,575,218,26
Stammheim,2020,465,437,491,635,573,230,27
Stammheim,2021,462,411,493,619,592,247,27
Stammheim,2022,454,427,477,615,599,271,30
Stammheim,2023,467,407,502,588,617,290,27
Steinmaur,2010,452,557,741,716,513,177,13
Steinmaur,2011,446,588,738,729,521,192,15
Steinmaur,2012,447,604,736,754,520,199,16
Steinmaur,2013,474,632,726,765,522,212,14
Steinmaur,2014,468,625,750,773,523,222,15
Steinmaur,2015,490,586,747,795,522,232,17
Steinmaur,2016,516,572,785,799,508,237,22
Steinmaur,2017,536,557,779,793,532,243,20
Steinmaur,2018,549,562,817,782,535,258,24
Steinmaur,2019,554,599,823,774,564,271,26
Steinmaur,2020,571,556,809,768,565,284,30
Steinmaur,2021,556,593,805,766,570,286,32
Steinmaur,2022,555,570,804,778,564,308,24
Steinmaur,2023,567,586,826,818,580,312,20
Stäfa,2010,2123,1966,2960,3228,2478,1089,79
Stäfa,2011,2058,1994,2809,3263,2512,1138,90
Stäfa,2012,2002,2002,2701,3340,2542,1176,103
Stäfa,2013,1960,2041,2635,3383,2574,1209,92
Stäfa,2014,1965,2019,2525,3473,2588,1264,97
Stäfa,2015,2002,2062,2561,3516,2621,1284,106
Stäfa,2016,2012,2042,2553,3564,2616,1337,109
Stäfa,2017,2011,2007,2615,3572,2639,1427,118
Stäfa,2018,1995,2058,2584,3554,2643,1509,124
Stäfa,2019,2036,2068,2651,3575,2699,1544,135
Stäfa,2020,2038,2052,2662,3588,2692,1610,140
Stäfa,2021,2032,2005,2637,3565,2749,1657,148
Stäfa,2022,1994,2071,2647,3499,2776,1759,141
Stäfa,2023,2030,2084,2690,3442,2851,1796,166
Thalheim,2010,162,118,193,184,122,35,4
Thalheim,2011,161,126,202,220,129,33,5
Thalheim,2012,162,128,208,226,133,38,3
Thalheim,2013,151,141,200,237,141,42,4
Thalheim,2014,158,133,190,252,133,47,3
Thalheim,2015,149,141,167,257,139,45,5
Thalheim,2016,153,128,165,259,149,45,6
Thalheim,2017,162,129,166,267,144,44,10
Thalheim,2018,159,113,163,272,149,51,10
Thalheim,2019,162,119,170,284,144,55,8
Thalheim,2020,153,135,179,268,147,63,8
Thalheim,2021,164,130,186,274,152,63,7
Thalheim,2022,159,135,197,261,151,71,5
Thalheim,2023,176,146,201,268,159,71,6
Thalwil,2010,2488,2547,4303,3757,2682,1283,129
Thalwil,2011,2516,2551,4297,3795,2662,1295,140
Thalwil,2012,2526,2533,4249,3858,2681,1316,146
Thalwil,2013,2601,2522,4314,3895,2670,1343,150
Thalwil,2014,2665,2493,4309,3945,2675,1372,150
Thalwil,2015,2711,2466,4320,3997,2675,1404,155
Thalwil,2016,2776,2398,4248,4024,2672,1443,166
Thalwil,2017,2801,2358,4257,4040,2698,1473,157
Thalwil,2018,2840,2411,4228,4070,2687,1553,175
Thalwil,2019,2873,2443,4252,4072,2675,1626,180
Thalwil,2020,2881,2493,4295,4070,2673,1652,199
Thalwil,2021,2943,2499,4438,4066,2691,1685,203
Thalwil,2022,2910,2423,4416,4046,2668,1712,210
Thalwil,2023,2932,2471,4461,4077,2660,1744,205
Truttikon,2010,96,67,98,114,73,23,4
Truttikon,2011,94,63,88,122,71,27,4
Truttikon,2012,88,71,78,129,71,25,3
Truttikon,2013,82,66,78,126,73,23,3
Truttikon,2014,79,77,76,128,71,29,3
Truttikon,2015,84,82,71,133,70,30,3
Truttikon,2016,82,86,60,135,72,32,2
Truttikon,2017,80,88,63,132,81,31,2
Truttikon,2018,78,87,58,136,81,36,2
Truttikon,2019,68,87,57,125,89,35,3
Truttikon,2020,65,78,59,120,91,35,2
Truttikon,2021,65,74,62,120,94,35,2
Truttikon,2022,63,72,70,123,92,43,1
Truttikon,2023,64,68,76,120,99,43,1
Trüllikon,2010,144,168,187,240,187,63,4
Trüllikon,2011,145,142,205,238,197,59,6
Trüllikon,2012,144,132,195,234,214,57,6
Trüllikon,2013,153,115,202,239,210,62,8
Trüllikon,2014,148,134,204,237,216,66,8
Trüllikon,2015,146,141,188,237,217,76,9
Trüllikon,2016,162,154,195,245,224,76,8
Trüllikon,2017,156,144,184,248,231,79,12
Trüllikon,2018,154,145,185,240,240,84,14
Trüllikon,2019,147,140,192,234,243,88,12
Trüllikon,2020,140,139,203,240,240,84,9
Trüllikon,2021,139,142,202,237,240,92,8
Trüllikon,2022,140,149,198,235,238,98,7
Trüllikon,2023,139,163,202,233,241,105,7
Turbenthal,2010,701,817,838,1023,582,222,16
Turbenthal,2011,680,840,812,1066,620,227,18
Turbenthal,2012,687,835,795,1077,657,232,17
Turbenthal,2013,680,807,810,1099,687,233,18
Turbenthal,2014,712,810,829,1098,717,253,22
Turbenthal,2015,717,779,850,1086,756,260,21
Turbenthal,2016,774,800,892,1093,812,273,18
Turbenthal,2017,802,793,926,1096,829,279,23
Turbenthal,2018,858,793,985,1099,831,300,24
Turbenthal,2019,842,790,959,1100,846,329,25
Turbenthal,2020,886,765,1001,1102,852,350,33
Turbenthal,2021,886,783,999,1100,877,374,32
Turbenthal,2022,859,787,998,1067,926,370,34
Turbenthal,2023,876,802,1032,1088,954,392,33
Uetikon,2010,1045,789,1206,1351,936,364,37
Uetikon,2011,1031,836,1188,1415,944,374,49
Uetikon,2012,992,897,1185,1460,946,401,51
Uetikon,2013,923,918,1080,1540,950,412,56
Uetikon,2014,909,974,1057,1572,939,447,50
Uetikon,2015,857,1005,1023,1600,974,459,63
Uetikon,2016,874,1004,995,1641,975,486,67
Uetikon,2017,879,1048,1036,1637,989,495,61
Uetikon,2018,879,1016,1030,1652,980,544,57
Uetikon,2019,923,969,1026,1646,995,567,65
Uetikon,2020,920,974,1043,1620,1000,597,68
Uetikon,2021,931,975,1077,1598,1033,614,79
Uetikon,2022,941,941,1102,1565,1051,653,73
Uetikon,2023,952,951,1070,1516,1103,679,72
Uitikon,2010,573,460,788,953,672,409,32
Uitikon,2011,594,459,797,954,698,395,39
Uitikon,2012,600,440,802,971,703,389,39
Uitikon,2013,592,443,753,984,707,381,52
Uitikon,2014,602,455,751,1000,724,377,51
Uitikon,2015,632,480,778,1034,735,397,51
Uitikon,2016,640,490,764,1059,737,405,50
Uitikon,2017,632,524,765,1077,760,427,54
Uitikon,2018,670,509,818,1101,743,431,58
Uitikon,2019,746,561,956,1128,768,444,60
Uitikon,2020,797,563,1007,1143,777,447,65
Uitikon,2021,856,573,1131,1159,767,473,65
Uitikon,2022,889,585,1151,1135,788,482,66
Uitikon,2023,974,632,1313,1188,828,486,70
Unterengstringen,2010,457,520,730,817,608,222,13
Unterengstringen,2011,437,517,714,821,607,236,18
Unterengstringen,2012,436,531,703,830,636,239,18
Unterengstringen,2013,439,535,721,840,649,243,21
Unterengstringen,2014,466,533,757,874,650,261,27
Unterengstringen,2015,488,527,779,861,659,286,27
Unterengstringen,2016,534,521,802,881,672,304,30
Unterengstringen,2017,549,539,807,872,675,320,26
Unterengstringen,2018,580,533,833,885,693,320,33
Unterengstringen,2019,586,531,829,900,699,349,29
Unterengstringen,2020,592,548,857,896,703,355,30
Unterengstringen,2021,618,578,914,887,715,361,30
Unterengstringen,2022,630,572,911,876,716,376,32
Unterengstringen,2023,650,606,955,898,749,402,38
Urdorf,2010,1324,1535,2032,1854,1471,723,40
Urdorf,2011,1387,1603,2080,1937,1458,737,47
Urdorf,2012,1440,1613,2124,2003,1466,763,47
Urdorf,2013,1451,1571,2144,2047,1455,788,49
Urdorf,2014,1480,1599,2145,2064,1448,817,58
Urdorf,2015,1493,1595,2143,2094,1432,854,62
Urdorf,2016,1502,1579,2100,2068,1455,872,65
Urdorf,2017,1548,1543,2149,2083,1450,925,70
Urdorf,2018,1568,1549,2151,2101,1451,946,67
Urdorf,2019,1557,1605,2172,2116,1467,982,76
Urdorf,2020,1581,1572,2230,2082,1470,997,77
Urdorf,2021,1605,1617,2261,2157,1458,1030,83
Urdorf,2022,1627,1625,2302,2181,1457,1052,83
Urdorf,2023,1625,1620,2292,2191,1525,1037,100
Uster,2010,4980,5974,7687,6836,4753,1898,147
Uster,2011,5058,5910,7656,7008,4812,1940,163
Uster,2012,5066,5871,7596,7146,4854,1998,179
Uster,2013,5132,5860,7572,7294,4938,2068,184
Uster,2014,5193,5833,7557,7462,5007,2141,190
Uster,2015,5266,5836,7641,7595,5075,2242,198
Uster,2016,5325,5841,7622,7712,5159,2349,207
Uster,2017,5356,5882,7621,7714,5198,2434,236
Uster,2018,5356,5902,7575,7814,5168,2585,247
Uster,2019,5442,5856,7680,7906,5121,2721,260
Uster,2020,5420,5835,7797,7969,5149,2834,291
Uster,2021,5471,5799,7856,7948,5199,2945,290
Uster,2022,5495,5702,7968,7925,5301,3036,295
Uster,2023,5541,5770,8180,7884,5457,3155,291
Volken,2010,61,50,68,77,34,20,0
Volken,2011,60,47,67,81,32,18,2
Volken,2012,62,49,58,89,30,21,2
Volken,2013,62,45,58,92,26,21,1
Volken,2014,68,57,66,97,30,20,1
Volken,2015,71,48,62,103,30,24,1
Volken,2016,64,52,60,103,30,25,2
Volken,2017,67,53,56,105,31,24,1
Volken,2018,71,56,63,113,32,26,1
Volken,2019,80,56,73,112,33,25,1
Volken,2020,81,56,77,108,35,25,1
Volken,2021,76,55,88,105,42,23,3
Volken,2022,69,60,79,105,44,23,1
Volken,2023,63,61,75,104,52,23,2
Volketswil,2010,2967,3010,4444,3708,2579,671,33
Volketswil,2011,2968,3022,4434,3767,2609,737,35
Volketswil,2012,2977,3043,4397,3880,2630,778,38
Volketswil,2013,3004,3073,4374,4047,2673,826,43
Volketswil,2014,3061,3145,4348,4156,2729,891,54
Volketswil,2015,3117,3091,4297,4235,2756,936,57
Volketswil,2016,3103,3056,4220,4281,2774,1007,58
Volketswil,2017,3138,2991,4177,4366,2772,1107,64
Volketswil,2018,3140,2948,4111,4420,2728,1188,62
Volketswil,2019,3138,2908,4060,4470,2710,1269,68
Volketswil,2020,3170,2973,4027,4520,2753,1332,76
Volketswil,2021,3222,3010,4070,4517,2809,1403,76
Volketswil,2022,3199,3167,4101,4549,2847,1469,88
Volketswil,2023,3196,3241,4154,4557,2911,1555,103
Wald,2010,1403,1746,1755,2152,1161,683,61
Wald,2011,1412,1767,1856,2193,1210,690,73
Wald,2012,1431,1726,1880,2244,1286,687,67
Wald,2013,1419,1647,1886,2280,1321,694,67
Wald,2014,1412,1652,1912,2303,1384,703,80
Wald,2015,1409,1636,1855,2293,1455,691,82
Wald,2016,1439,1646,1900,2312,1498,703,93
Wald,2017,1439,1662,2010,2298,1542,720,87
Wald,2018,1499,1651,2075,2306,1577,729,89
Wald,2019,1527,1636,2129,2310,1641,751,84
Wald,2020,1567,1610,2165,2326,1690,735,89
Wald,2021,1582,1591,2207,2284,1767,751,90
Wald,2022,1578,1623,2202,2258,1832,749,93
Wald,2023,1597,1643,2250,2232,1914,790,99
Wallisellen,2010,1906,2489,3417,2748,1945,996,97
Wallisellen,2011,1951,2605,3513,2849,1963,1028,119
Wallisellen,2012,2034,2520,3596,2885,1971,1036,107
Wallisellen,2013,2186,2536,3863,3050,1980,1063,109
Wallisellen,2014,2277,2676,4021,3128,2034,1065,113
Wallisellen,2015,2382,2699,4119,3145,2074,1068,115
Wallisellen,2016,2404,2730,4145,3269,2096,1074,131
Wallisellen,2017,2425,2654,4130,3297,2115,1102,132
Wallisellen,2018,2472,2711,4299,3387,2094,1148,132
Wallisellen,2019,2527,2822,4546,3427,2096,1206,150
Wallisellen,2020,2599,2897,4635,3510,2138,1235,157
Wallisellen,2021,2639,2858,4647,3509,2161,1274,151
Wallisellen,2022,2669,2796,4667,3551,2157,1274,163
Wallisellen,2023,2686,2830,4777,3612,2193,1281,174
Wangen-Brüttisellen,2010,1219,1540,1849,1755,901,258,17
Wangen-Brüttisellen,2011,1248,1494,1801,1833,919,271,22
Wangen-Brüttisellen,2012,1201,1448,1806,1834,963,298,23
Wangen-Brüttisellen,2013,1217,1389,1829,1843,984,307,24
Wangen-Brüttisellen,2014,1217,1396,1765,1892,1010,329,23
Wangen-Brüttisellen,2015,1236,1427,1725,1927,1048,354,25
Wangen-Brüttisellen,2016,1242,1447,1754,1912,1106,387,26
Wangen-Brüttisellen,2017,1247,1436,1757,1886,1141,400,25
Wangen-Brüttisellen,2018,1220,1427,1748,1894,1171,422,35
Wangen-Brüttisellen,2019,1267,1412,1733,1906,1161,455,32
Wangen-Brüttisellen,2020,1273,1362,1787,1858,1191,487,32
Wangen-Brüttisellen,2021,1259,1347,1760,1836,1208,514,31
Wangen-Brüttisellen,2022,1305,1363,1779,1828,1240,526,34
Wangen-Brüttisellen,2023,1335,1324,1825,1847,1280,540,41
Wasterkingen,2010,85,83,104,179,72,35,1
Wasterkingen,2011,83,84,95,171,79,35,0
Wasterkingen,2012,79,85,91,168,89,35,0
Wasterkingen,2013,87,78,105,171,96,32,3
Wasterkingen,2014,92,69,99,173,104,29,2
Wasterkingen,2015,89,75,98,164,116,28,3
Wasterkingen,2016,89,74,90,149,123,31,3
Wasterkingen,2017,91,78,89,153,128,31,4
Wasterkingen,2018,84,83,82,138,134,29,4
Wasterkingen,2019,84,80,83,135,142,31,5
Wasterkingen,2020,77,83,86,134,143,35,6
Wasterkingen,2021,85,80,89,134,152,39,6
Wasterkingen,2022,81,73,101,129,155,43,5
Wasterkingen,2023,78,66,103,123,160,43,4
Weiach,2010,116,166,194,292,142,63,7
Weiach,2011,127,168,207,306,140,67,7
Weiach,2012,144,185,218,304,154,65,6
Weiach,2013,139,172,223,303,163,66,8
Weiach,2014,163,181,242,320,173,66,8
Weiach,2015,209,216,305,376,193,70,8
Weiach,2016,220,236,329,403,211,64,7
Weiach,2017,266,301,428,441,241,68,5
Weiach,2018,272,324,445,437,246,78,7
Weiach,2019,297,339,469,446,264,83,7
Weiach,2020,313,336,503,450,296,78,11
Weiach,2021,335,336,527,451,302,88,11
Weiach,2022,329,337,529,453,322,93,11
Weiach,2023,338,337,539,465,327,99,11
Weiningen,2010,688,750,917,1088,579,190,17
Weiningen,2011,674,765,930,1099,580,194,19
Weiningen,2012,663,776,899,1113,606,200,24
Weiningen,2013,690,767,903,1124,619,217,20
Weiningen,2014,674,787,915,1123,654,234,20
Weiningen,2015,687,798,934,1138,684,244,25
Weiningen,2016,725,886,992,1163,707,246,29
Weiningen,2017,723,878,1023,1135,708,264,29
Weiningen,2018,756,870,1028,1124,728,287,23
Weiningen,2019,750,829,1046,1096,773,280,26
Weiningen,2020,756,824,1056,1111,784,298,28
Weiningen,2021,757,797,1069,1097,779,334,29
Weiningen,2022,756,773,1093,1093,785,348,29
Weiningen,2023,790,785,1173,1090,831,365,25
Weisslingen,2010,571,524,643,803,497,177,10
Weisslingen,2011,562,499,636,804,503,189,9
Weisslingen,2012,573,459,596,809,530,195,11
Weisslingen,2013,536,502,571,831,554,202,12
Weisslingen,2014,536,504,556,840,572,215,13
Weisslingen,2015,530,507,538,845,600,223,12
Weisslingen,2016,520,496,544,851,606,232,15
Weisslingen,2017,529,515,540,844,611,242,20
Weisslingen,2018,540,521,572,859,619,252,21
Weisslingen,2019,540,518,559,858,613,263,18
Weisslingen,2020,524,529,566,848,623,256,24
Weisslingen,2021,529,522,622,839,624,272,29
Weisslingen,2022,511,529,636,829,626,274,30
Weisslingen,2023,518,512,657,813,645,292,21
Wettswil am Albis,2010,759,616,1031,944,844,307,14
Wettswil am Albis,2011,793,581,1059,950,856,330,20
Wettswil am Albis,2012,787,555,1038,980,845,342,27
Wettswil am Albis,2013,792,598,1006,1030,820,366,21
Wettswil am Albis,2014,809,606,998,1062,833,383,20
Wettswil am Albis,2015,864,631,1058,1105,833,398,31
Wettswil am Albis,2016,919,632,1130,1143,820,430,31
Wettswil am Albis,2017,918,637,1075,1184,796,453,34
Wettswil am Albis,2018,947,637,1074,1197,816,468,33
Wettswil am Albis,2019,962,634,1097,1216,810,478,38
Wettswil am Albis,2020,968,655,1124,1199,807,485,40
Wettswil am Albis,2021,963,660,1104,1201,816,505,37
Wettswil am Albis,2022,961,645,1097,1196,807,531,44
Wettswil am Albis,2023,973,649,1077,1199,814,544,50
Wetzikon,2010,3391,4555,4787,4721,3049,1460,118
Wetzikon,2011,3433,4638,4914,4872,3118,1538,123
Wetzikon,2012,3443,4793,5060,4991,3232,1587,148
Wetzikon,2013,3470,4876,5174,5067,3299,1607,166
Wetzikon,2014,3501,4866,5216,5122,3364,1644,174
Wetzikon,2015,3575,4992,5351,5186,3388,1700,181
Wetzikon,2016,3635,4910,5385,5206,3465,1764,199
Wetzikon,2017,3651,4741,5369,5164,3507,1817,203
Wetzikon,2018,3684,4761,5473,5196,3520,1931,199
Wetzikon,2019,3751,4800,5479,5175,3595,1981,204
Wetzikon,2020,3821,4661,5499,5179,3651,2020,207
Wetzikon,2021,3931,4614,5671,5177,3750,2107,201
Wetzikon,2022,4026,4643,5867,5214,3852,2170,217
Wetzikon,2023,4102,4637,6045,5218,3965,2239,215
Wiesendangen,2010,982,917,1224,1344,935,427,24
Wiesendangen,2011,975,938,1213,1365,957,448,25
Wiesendangen,2012,980,960,1188,1417,947,460,25
Wiesendangen,2013,996,934,1194,1430,970,486,29
Wiesendangen,2014,991,937,1186,1476,997,494,33
Wiesendangen,2015,999,963,1156,1525,1028,515,40
Wiesendangen,2016,1020,944,1138,1556,1039,537,47
Wiesendangen,2017,1034,988,1129,1559,1049,540,56
Wiesendangen,2018,1047,1002,1169,1569,1089,575,61
Wiesendangen,2019,1053,1013,1176,1577,1117,595,70
Wiesendangen,2020,1067,985,1189,1564,1143,615,73
Wiesendangen,2021,1091,943,1227,1537,1155,627,79
Wiesendangen,2022,1079,957,1231,1536,1178,646,72
Wiesendangen,2023,1076,955,1213,1526,1216,661,75
Wil,2010,181,231,261,316,201,85,6
Wil,2011,183,226,260,322,206,93,6
Wil,2012,185,218,253,324,216,93,9
Wil,2013,194,214,253,322,230,92,7
Wil,2014,205,207,258,335,240,99,7
Wil,2015,206,210,253,348,246,102,10
Wil,2016,205,197,247,345,256,100,14
Wil,2017,213,187,259,365,265,100,18
Wil,2018,218,191,257,363,277,100,15
Wil,2019,231,214,255,368,290,102,12
Wil,2020,228,231,257,364,285,112,10
Wil,2021,233,222,269,365,303,111,13
Wil,2022,247,218,288,363,315,119,14
Wil,2023,246,210,288,358,325,132,17
Wila,2010,285,378,373,489,276,122,10
Wila,2011,288,366,347,493,285,122,7
Wila,2012,274,374,352,507,297,126,12
Wila,2013,271,357,330,507,310,125,16
Wila,2014,263,359,327,505,325,130,11
Wila,2015,269,348,327,495,347,127,13
Wila,2016,269,347,340,498,353,127,7
Wila,2017,292,331,360,497,357,130,8
Wila,2018,287,310,365,496,367,135,11
Wila,2019,299,313,366,481,370,137,12
Wila,2020,308,310,362,490,372,142,12
Wila,2021,327,290,379,470,379,156,15
Wila,2022,330,302,398,451,395,153,15
Wila,2023,343,310,391,451,404,162,18
Wildberg,2010,169,135,242,225,141,51,2
Wildberg,2011,170,130,247,235,142,55,2
Wildberg,2012,170,145,242,243,145,55,2
Wildberg,2013,165,146,237,233,147,54,3
Wildberg,2014,172,137,233,236,152,56,5
Wildberg,2015,176,135,223,249,156,62,5
Wildberg,2016,176,125,218,241,157,57,6
Wildberg,2017,183,122,224,237,163,58,7
Wildberg,2018,186,118,223,244,167,56,8
Wildberg,2019,178,118,205,246,168,60,7
Wildberg,2020,189,121,198,255,177,63,6
Wildberg,2021,191,125,185,269,173,70,7
Wildberg,2022,188,127,191,259,179,76,8
Wildberg,2023,181,145,186,260,170,76,7
Winkel,2010,555,553,958,983,683,187,8
Winkel,2011,530,576,883,1019,687,196,12
Winkel,2012,559,573,942,1085,698,216,11
Winkel,2013,569,586,947,1113,716,238,14
Winkel,2014,558,600,897,1109,737,245,17
Winkel,2015,563,612,890,1150,737,267,18
Winkel,2016,574,644,935,1151,747,294,19
Winkel,2017,578,667,967,1201,763,317,18
Winkel,2018,578,657,925,1204,787,338,18
Winkel,2019,592,626,902,1209,806,370,19
Winkel,2020,656,621,930,1198,833,388,23
Winkel,2021,704,644,1025,1195,857,412,25
Winkel,2022,700,627,1033,1180,877,409,29
Winkel,2023,718,628,1049,1182,870,444,32
Winterthur,2010,15027,21033,23634,19948,13466,7373,722
Winterthur,2011,15190,21408,23948,20637,13563,7441,779
Winterthur,2012,15419,21418,24463,21014,13736,7494,822
Winterthur,2013,15577,21339,24720,21475,13932,7570,848
Winterthur,2014,15853,21194,25123,21780,14087,7638,877
Winterthur,2015,16208,21274,25635,22116,14227,7683,901
Winterthur,2016,16581,21385,25992,22322,14371,7794,931
Winterthur,2017,16939,21276,26474,22464,14465,8013,938
Winterthur,2018,17180,21228,26751,22550,14705,8155,985
Winterthur,2019,17521,21200,27452,22567,14827,8300,1042
Winterthur,2020,17697,21151,27971,22579,15166,8448,1073
Winterthur,2021,17821,21079,28384,22539,15409,8631,1098
Winterthur,2022,17983,21273,29126,22648,15683,8772,1124
Winterthur,2023,18215,21653,29890,22899,16206,8957,1167
Wädenswil,2010,3552,3921,4992,5102,3814,1651,153
Wädenswil,2011,3574,3946,5164,5242,3875,1669,164
Wädenswil,2012,3486,3938,5084,5333,3967,1727,163
Wädenswil,2013,3427,3966,4947,5453,3999,1752,178
Wädenswil,2014,3477,3923,4979,5545,4039,1817,197
Wädenswil,2015,3529,3995,5032,5607,4087,1883,197
Wädenswil,2016,3594,3933,4974,5663,4097,1973,193
Wädenswil,2017,3612,3839,4958,5654,4122,2069,201
Wädenswil,2018,3600,3763,4869,5644,4112,2125,208
Wädenswil,2019,3674,3801,4890,5670,4106,2215,213
Wädenswil,2020,3705,3833,4959,5658,4104,2329,220
Wädenswil,2021,3708,3807,4984,5631,4159,2407,235
Wädenswil,2022,3680,3876,5087,5573,4227,2467,250
Wädenswil,2023,3779,3922,5306,5606,4302,2558,254
Zell,2010,823,978,1182,1148,812,375,39
Zell,2011,859,971,1180,1168,830,383,35
Zell,2012,872,955,1187,1190,861,383,37
Zell,2013,890,937,1238,1273,875,385,39
Zell,2014,890,929,1220,1326,878,406,40
Zell,2015,886,931,1207,1314,900,417,35
Zell,2016,908,943,1172,1352,904,426,40
Zell,2017,959,950,1227,1398,908,450,37
Zell,2018,990,928,1246,1427,919,466,41
Zell,2019,1053,967,1342,1429,939,518,47
Zell,2020,1066,972,1369,1481,939,541,54
Zell,2021,1071,959,1381,1451,979,548,51
Zell,2022,1060,960,1403,1424,1010,569,61
Zell,2023,1088,1046,1451,1447,1049,567,64
Zollikon,2010,1721,1366,2619,2537,2172,1416,192
Zollikon,2011,1728,1418,2584,2582,2141,1428,218
Zollikon,2012,1755,1377,2620,2653,2093,1412,242
Zollikon,2013,1791,1426,2620,2766,2036,1438,242
Zollikon,2014,1876,1470,2612,2801,2066,1434,257
Zollikon,2015,1961,1507,2656,2886,2053,1427,253
Zollikon,2016,2020,1519,2632,2916,2017,1422,253
Zollikon,2017,2116,1519,2700,2953,1993,1427,253
Zollikon,2018,2138,1527,2678,2993,1965,1427,268
Zollikon,2019,2107,1572,2671,3017,1945,1450,277
Zollikon,2020,2160,1641,2772,3040,1921,1501,258
Zollikon,2021,2173,1637,2800,3041,1960,1490,262
Zollikon,2022,2165,1643,2836,3073,1959,1519,264
Zollikon,2023,2161,1695,2768,3107,2018,1537,264
Zumikon,2010,795,677,955,1077,989,550,44
Zumikon,2011,811,679,941,1086,1004,573,53
Zumikon,2012,820,676,906,1125,982,598,55
Zumikon,2013,837,655,891,1149,986,590,56
Zumikon,2014,815,647,878,1166,977,590,59
Zumikon,2015,831,648,827,1218,971,608,65
Zumikon,2016,834,652,805,1206,965,614,66
Zumikon,2017,820,666,789,1235,925,622,63
Zumikon,2018,841,706,817,1264,927,641,70
Zumikon,2019,884,744,879,1312,913,671,78
Zumikon,2020,904,746,882,1351,908,695,87
Zumikon,2021,915,756,924,1316,883,702,88
Zumikon,2022,925,746,945,1325,885,711,86
Zumikon,2023,924,810,967,1358,906,695,98
Zürich,2010,46532,67486,107654,70023,45988,30551,3810
Zürich,2011,47720,67777,109263,71306,45976,30012,3950
Zürich,2012,48647,67875,110824,72491,46294,29597,4184
Zürich,2013,49884,68221,111916,73747,46528,29104,4304
Zürich,2014,51449,69656,114183,75179,46889,28742,4372
Zürich,2015,52894,70377,116133,76590,47357,28293,4378
Zürich,2016,54382,70853,117913,77650,47725,28087,4526
Zürich,2017,56113,71473,120794,78768,47790,27914,4589
Zürich,2018,57782,72261,123611,79853,48012,27795,4592
Zürich,2019,58927,72875,125728,80805,48184,27816,4670
Zürich,2020,59578,72433,126541,81542,48430,27778,4585
Zürich,2021,59876,73173,126052,82112,48596,27815,4576
Zürich,2022,59694,75261,127463,83171,48958,27901,4439
Zürich,2023,59958,76773,128838,84548,50088,27873,4471
