BFS_NR,Gemeindename,Jahr,Finanzvermögen pro Einwohner
1,Aeugst,2009,13480.0
1,Aeugst,2010,12228.0
1,Aeugst,2011,10535.0
1,Aeugst,2012,10111.0
1,Aeugst,2013,10131.0
1,Aeugst,2014,10205.0
1,Aeugst,2015,9866.0
1,Aeugst,2016,11583.0
1,Aeugst,2017,13728.0
1,Aeugst,2018,11919.0
1,Aeugst,2019,13689.0
1,Aeugst,2020,14360.0
1,Aeugst,2021,13241.0
1,Aeugst,2022,13013.0
2,Affoltern,2009,4105.0
2,Affoltern,2010,4401.0
2,Affoltern,2011,4514.0
2,Affoltern,2012,4153.0
2,Affoltern,2013,4698.0
2,Affoltern,2014,5194.0
2,Affoltern,2015,4924.0
2,Affoltern,2016,4902.0
2,Affoltern,2017,4276.0
2,Affoltern,2018,6090.0
2,Affoltern,2019,4580.0
2,Affoltern,2020,4442.0
2,Affoltern,2021,4971.0
2,Affoltern,2022,4684.0
3,Bonstetten,2009,2495.0
3,Bonstetten,2010,3343.0
3,Bonstetten,2011,2302.0
3,Bonstetten,2012,3800.0
3,Bonstetten,2013,3916.0
3,Bonstetten,2014,4105.0
3,Bonstetten,2015,3920.0
3,Bonstetten,2016,2557.0
3,Bonstetten,2017,3283.0
3,Bonstetten,2018,3842.0
3,Bonstetten,2019,4668.0
3,Bonstetten,2020,3862.0
3,Bonstetten,2021,4085.0
3,Bonstetten,2022,5176.0
4,Hausen,2009,10683.0
4,Hausen,2010,10069.0
4,Hausen,2011,8764.0
4,Hausen,2012,9845.0
4,Hausen,2013,10432.0
4,Hausen,2014,9555.0
4,Hausen,2015,8860.0
4,Hausen,2016,9525.0
4,Hausen,2017,9571.0
4,Hausen,2018,9408.0
4,Hausen,2019,10419.0
4,Hausen,2020,10808.0
4,Hausen,2021,11091.0
4,Hausen,2022,12828.0
5,Hedingen,2009,8232.0
5,Hedingen,2010,6854.0
5,Hedingen,2011,6555.0
5,Hedingen,2012,6652.0
5,Hedingen,2013,6292.0
5,Hedingen,2014,4559.0
5,Hedingen,2015,5044.0
5,Hedingen,2016,5742.0
5,Hedingen,2017,6548.0
5,Hedingen,2018,6211.0
5,Hedingen,2019,7557.0
5,Hedingen,2020,9621.0
5,Hedingen,2021,8138.0
5,Hedingen,2022,9038.0
6,Kappel,2009,6636.0
6,Kappel,2010,8006.0
6,Kappel,2011,7982.0
6,Kappel,2012,10216.0
6,Kappel,2013,10049.0
6,Kappel,2014,10199.0
6,Kappel,2015,9862.0
6,Kappel,2016,14081.0
6,Kappel,2017,12652.0
6,Kappel,2018,11996.0
6,Kappel,2019,11608.0
6,Kappel,2020,11730.0
6,Kappel,2021,11191.0
6,Kappel,2022,11845.0
7,Knonau,2009,5850.0
7,Knonau,2010,5911.0
7,Knonau,2011,6367.0
7,Knonau,2012,6223.0
7,Knonau,2013,7449.0
7,Knonau,2014,5570.0
7,Knonau,2015,5707.0
7,Knonau,2016,5197.0
7,Knonau,2017,5021.0
7,Knonau,2018,4633.0
7,Knonau,2019,4175.0
7,Knonau,2020,4178.0
7,Knonau,2021,5955.0
7,Knonau,2022,7695.0
8,Maschwanden,2009,7086.0
8,Maschwanden,2010,5968.0
8,Maschwanden,2011,4541.0
8,Maschwanden,2012,5220.0
8,Maschwanden,2013,6248.0
8,Maschwanden,2014,3816.0
8,Maschwanden,2015,4363.0
8,Maschwanden,2016,4872.0
8,Maschwanden,2017,5874.0
8,Maschwanden,2018,6338.0
8,Maschwanden,2019,7635.0
8,Maschwanden,2020,8347.0
8,Maschwanden,2021,7838.0
8,Maschwanden,2022,5305.0
9,Mettmenstetten,2009,8687.0
9,Mettmenstetten,2010,7844.0
9,Mettmenstetten,2011,7871.0
9,Mettmenstetten,2012,8430.0
9,Mettmenstetten,2013,7979.0
9,Mettmenstetten,2014,7927.0
9,Mettmenstetten,2015,8589.0
9,Mettmenstetten,2016,7293.0
9,Mettmenstetten,2017,8693.0
9,Mettmenstetten,2018,7935.0
9,Mettmenstetten,2019,8446.0
9,Mettmenstetten,2020,7349.0
9,Mettmenstetten,2021,7503.0
9,Mettmenstetten,2022,7332.0
10,Obfelden,2009,5605.0
10,Obfelden,2010,5235.0
10,Obfelden,2011,5403.0
10,Obfelden,2012,5657.0
10,Obfelden,2013,5785.0
10,Obfelden,2014,5939.0
10,Obfelden,2015,6059.0
10,Obfelden,2016,6171.0
10,Obfelden,2017,6777.0
10,Obfelden,2018,5406.0
10,Obfelden,2019,5112.0
10,Obfelden,2020,5613.0
10,Obfelden,2021,6215.0
10,Obfelden,2022,7632.0
11,Ottenbach,2009,6039.0
11,Ottenbach,2010,6849.0
11,Ottenbach,2011,6671.0
11,Ottenbach,2012,6472.0
11,Ottenbach,2013,5549.0
11,Ottenbach,2014,5856.0
11,Ottenbach,2015,5543.0
11,Ottenbach,2016,5072.0
11,Ottenbach,2017,5869.0
11,Ottenbach,2018,6382.0
11,Ottenbach,2019,5607.0
11,Ottenbach,2020,6763.0
11,Ottenbach,2021,7067.0
11,Ottenbach,2022,5685.0
12,Rifferswil,2009,7963.0
12,Rifferswil,2010,7580.0
12,Rifferswil,2011,6666.0
12,Rifferswil,2012,8116.0
12,Rifferswil,2013,7955.0
12,Rifferswil,2014,6437.0
12,Rifferswil,2015,6256.0
12,Rifferswil,2016,8270.0
12,Rifferswil,2017,6741.0
12,Rifferswil,2018,9682.0
12,Rifferswil,2019,10647.0
12,Rifferswil,2020,11707.0
12,Rifferswil,2021,12960.0
12,Rifferswil,2022,13694.0
13,Stallikon,2009,5853.0
13,Stallikon,2010,5570.0
13,Stallikon,2011,4717.0
13,Stallikon,2012,5373.0
13,Stallikon,2013,4332.0
13,Stallikon,2014,4083.0
13,Stallikon,2015,3815.0
13,Stallikon,2016,3444.0
13,Stallikon,2017,4570.0
13,Stallikon,2018,4897.0
13,Stallikon,2019,4133.0
13,Stallikon,2020,5228.0
13,Stallikon,2021,4910.0
13,Stallikon,2022,4374.0
14,Wettswil,2009,7056.0
14,Wettswil,2010,6905.0
14,Wettswil,2011,7431.0
14,Wettswil,2012,9203.0
14,Wettswil,2013,10002.0
14,Wettswil,2014,8484.0
14,Wettswil,2015,8311.0
14,Wettswil,2016,10600.0
14,Wettswil,2017,11398.0
14,Wettswil,2018,11540.0
14,Wettswil,2019,11741.0
14,Wettswil,2020,9901.0
14,Wettswil,2021,9211.0
14,Wettswil,2022,8703.0
22,Benken,2009,10138.0
22,Benken,2010,11216.0
22,Benken,2011,10094.0
22,Benken,2012,10179.0
22,Benken,2013,9977.0
22,Benken,2014,10625.0
22,Benken,2015,8575.0
22,Benken,2016,9818.0
22,Benken,2017,10083.0
22,Benken,2018,10359.0
22,Benken,2019,12678.0
22,Benken,2020,12560.0
22,Benken,2021,11782.0
22,Benken,2022,11699.0
23,Berg,2009,8716.0
23,Berg,2010,7906.0
23,Berg,2011,8567.0
23,Berg,2012,9139.0
23,Berg,2013,8466.0
23,Berg,2014,9939.0
23,Berg,2015,9392.0
23,Berg,2016,13529.0
23,Berg,2017,16804.0
23,Berg,2018,18524.0
23,Berg,2019,14657.0
23,Berg,2020,18995.0
23,Berg,2021,17964.0
23,Berg,2022,19269.0
24,Buch,2009,11270.0
24,Buch,2010,10225.0
24,Buch,2011,11315.0
24,Buch,2012,11260.0
24,Buch,2013,12542.0
24,Buch,2014,12254.0
24,Buch,2015,11142.0
24,Buch,2016,13459.0
24,Buch,2017,12139.0
24,Buch,2018,13851.0
24,Buch,2019,16355.0
24,Buch,2020,15289.0
24,Buch,2021,15248.0
24,Buch,2022,15409.0
25,Dachsen,2009,6248.0
25,Dachsen,2010,6375.0
25,Dachsen,2011,6093.0
25,Dachsen,2012,5726.0
25,Dachsen,2013,5379.0
25,Dachsen,2014,5855.0
25,Dachsen,2015,7310.0
25,Dachsen,2016,6594.0
25,Dachsen,2017,7365.0
25,Dachsen,2018,7736.0
25,Dachsen,2019,8265.0
25,Dachsen,2020,6693.0
25,Dachsen,2021,7075.0
25,Dachsen,2022,7986.0
26,Dorf,2009,6750.0
26,Dorf,2010,6482.0
26,Dorf,2011,5623.0
26,Dorf,2012,6430.0
26,Dorf,2013,8417.0
26,Dorf,2014,5775.0
26,Dorf,2015,5976.0
26,Dorf,2016,6767.0
26,Dorf,2017,6374.0
26,Dorf,2018,5560.0
26,Dorf,2019,7499.0
26,Dorf,2020,7725.0
26,Dorf,2021,8880.0
26,Dorf,2022,10427.0
27,Feuerthalen,2009,5820.0
27,Feuerthalen,2010,5118.0
27,Feuerthalen,2011,4749.0
27,Feuerthalen,2012,6207.0
27,Feuerthalen,2013,7102.0
27,Feuerthalen,2014,6845.0
27,Feuerthalen,2015,4429.0
27,Feuerthalen,2016,3954.0
27,Feuerthalen,2017,4968.0
27,Feuerthalen,2018,4835.0
27,Feuerthalen,2019,4784.0
27,Feuerthalen,2020,4888.0
27,Feuerthalen,2021,4349.0
27,Feuerthalen,2022,4138.0
28,Flaach,2009,10895.0
28,Flaach,2010,9249.0
28,Flaach,2011,6955.0
28,Flaach,2012,7260.0
28,Flaach,2013,7821.0
28,Flaach,2014,7601.0
28,Flaach,2015,5696.0
28,Flaach,2016,7757.0
28,Flaach,2017,8944.0
28,Flaach,2018,8398.0
28,Flaach,2019,12610.0
28,Flaach,2020,12955.0
28,Flaach,2021,12848.0
28,Flaach,2022,13178.0
29,Flurlingen,2009,4403.0
29,Flurlingen,2010,4530.0
29,Flurlingen,2011,5327.0
29,Flurlingen,2012,5374.0
29,Flurlingen,2013,5512.0
29,Flurlingen,2014,4170.0
29,Flurlingen,2015,4769.0
29,Flurlingen,2016,5238.0
29,Flurlingen,2017,5403.0
29,Flurlingen,2018,6159.0
29,Flurlingen,2019,5991.0
29,Flurlingen,2020,7261.0
29,Flurlingen,2021,8032.0
29,Flurlingen,2022,8219.0
31,Henggart,2009,5771.0
31,Henggart,2010,6038.0
31,Henggart,2011,6070.0
31,Henggart,2012,6133.0
31,Henggart,2013,5956.0
31,Henggart,2014,6148.0
31,Henggart,2015,5928.0
31,Henggart,2016,6055.0
31,Henggart,2017,5804.0
31,Henggart,2018,5194.0
31,Henggart,2019,6231.0
31,Henggart,2020,6741.0
31,Henggart,2021,6559.0
31,Henggart,2022,6480.0
33,Kleinandelfingen,2009,7335.0
33,Kleinandelfingen,2010,7371.0
33,Kleinandelfingen,2011,7721.0
33,Kleinandelfingen,2012,7495.0
33,Kleinandelfingen,2013,7343.0
33,Kleinandelfingen,2014,6371.0
33,Kleinandelfingen,2015,6671.0
33,Kleinandelfingen,2016,6878.0
33,Kleinandelfingen,2017,6962.0
33,Kleinandelfingen,2018,7617.0
33,Kleinandelfingen,2019,8912.0
33,Kleinandelfingen,2020,8637.0
33,Kleinandelfingen,2021,9215.0
33,Kleinandelfingen,2022,9306.0
34,Laufen-Uhwiesen,2009,6437.0
34,Laufen-Uhwiesen,2010,7084.0
34,Laufen-Uhwiesen,2011,6650.0
34,Laufen-Uhwiesen,2012,6532.0
34,Laufen-Uhwiesen,2013,6040.0
34,Laufen-Uhwiesen,2014,6469.0
34,Laufen-Uhwiesen,2015,7913.0
34,Laufen-Uhwiesen,2016,11989.0
34,Laufen-Uhwiesen,2017,11996.0
34,Laufen-Uhwiesen,2018,13882.0
34,Laufen-Uhwiesen,2019,14818.0
34,Laufen-Uhwiesen,2020,12951.0
34,Laufen-Uhwiesen,2021,13114.0
34,Laufen-Uhwiesen,2022,12445.0
35,Marthalen,2009,7315.0
35,Marthalen,2010,7495.0
35,Marthalen,2011,6572.0
35,Marthalen,2012,6534.0
35,Marthalen,2013,6835.0
35,Marthalen,2014,5929.0
35,Marthalen,2015,5389.0
35,Marthalen,2016,4723.0
35,Marthalen,2017,5020.0
35,Marthalen,2018,5701.0
35,Marthalen,2019,9370.0
35,Marthalen,2020,9552.0
35,Marthalen,2021,9464.0
35,Marthalen,2022,8080.0
37,Ossingen,2009,7204.0
37,Ossingen,2010,6282.0
37,Ossingen,2011,5004.0
37,Ossingen,2012,4282.0
37,Ossingen,2013,4789.0
37,Ossingen,2014,4733.0
37,Ossingen,2015,4591.0
37,Ossingen,2016,5757.0
37,Ossingen,2017,4255.0
37,Ossingen,2018,5433.0
37,Ossingen,2019,12424.0
37,Ossingen,2020,8003.0
37,Ossingen,2021,10408.0
37,Ossingen,2022,8303.0
38,Rheinau,2009,4558.0
38,Rheinau,2010,5312.0
38,Rheinau,2011,4727.0
38,Rheinau,2012,4638.0
38,Rheinau,2013,8201.0
38,Rheinau,2014,7165.0
38,Rheinau,2015,7504.0
38,Rheinau,2016,6332.0
38,Rheinau,2017,11041.0
38,Rheinau,2018,10239.0
38,Rheinau,2019,9804.0
38,Rheinau,2020,10348.0
38,Rheinau,2021,10476.0
38,Rheinau,2022,9980.0
39,Thalheim,2009,5577.0
39,Thalheim,2010,6425.0
39,Thalheim,2011,6456.0
39,Thalheim,2012,7308.0
39,Thalheim,2013,9085.0
39,Thalheim,2014,9111.0
39,Thalheim,2015,9030.0
39,Thalheim,2016,9541.0
39,Thalheim,2017,10114.0
39,Thalheim,2018,11465.0
39,Thalheim,2019,10099.0
39,Thalheim,2020,9981.0
39,Thalheim,2021,9799.0
39,Thalheim,2022,9798.0
40,Trüllikon,2009,10196.0
40,Trüllikon,2010,9000.0
40,Trüllikon,2011,9030.0
40,Trüllikon,2012,7647.0
40,Trüllikon,2013,8456.0
40,Trüllikon,2014,7831.0
40,Trüllikon,2015,8535.0
40,Trüllikon,2016,8053.0
40,Trüllikon,2017,10171.0
40,Trüllikon,2018,9806.0
40,Trüllikon,2019,9815.0
40,Trüllikon,2020,8352.0
40,Trüllikon,2021,8117.0
40,Trüllikon,2022,7862.0
41,Truttikon,2009,7013.0
41,Truttikon,2010,7746.0
41,Truttikon,2011,8472.0
41,Truttikon,2012,8956.0
41,Truttikon,2013,8432.0
41,Truttikon,2014,8413.0
41,Truttikon,2015,7936.0
41,Truttikon,2016,8986.0
41,Truttikon,2017,8353.0
41,Truttikon,2018,9143.0
41,Truttikon,2019,16985.0
41,Truttikon,2020,16295.0
41,Truttikon,2021,17492.0
41,Truttikon,2022,16442.0
43,Volken,2009,11706.0
43,Volken,2010,13206.0
43,Volken,2011,14110.0
43,Volken,2012,12071.0
43,Volken,2013,13410.0
43,Volken,2014,11628.0
43,Volken,2015,13985.0
43,Volken,2016,13070.0
43,Volken,2017,16626.0
43,Volken,2018,14540.0
43,Volken,2019,16367.0
43,Volken,2020,18256.0
43,Volken,2021,17162.0
43,Volken,2022,18691.0
51,Bachenbülach,2009,8179.0
51,Bachenbülach,2010,7983.0
51,Bachenbülach,2011,7382.0
51,Bachenbülach,2012,7816.0
51,Bachenbülach,2013,7693.0
51,Bachenbülach,2014,8378.0
51,Bachenbülach,2015,10221.0
51,Bachenbülach,2016,11032.0
51,Bachenbülach,2017,10627.0
51,Bachenbülach,2018,10045.0
51,Bachenbülach,2019,10647.0
51,Bachenbülach,2020,8541.0
51,Bachenbülach,2021,9085.0
51,Bachenbülach,2022,8565.0
52,Bassersdorf,2009,6167.0
52,Bassersdorf,2010,5392.0
52,Bassersdorf,2011,5099.0
52,Bassersdorf,2012,5506.0
52,Bassersdorf,2013,5969.0
52,Bassersdorf,2014,4893.0
52,Bassersdorf,2015,3611.0
52,Bassersdorf,2016,4693.0
52,Bassersdorf,2017,4906.0
52,Bassersdorf,2018,4651.0
52,Bassersdorf,2019,4759.0
52,Bassersdorf,2020,5201.0
52,Bassersdorf,2021,5206.0
52,Bassersdorf,2022,5948.0
53,Bülach,2009,5601.0
53,Bülach,2010,5622.0
53,Bülach,2011,5433.0
53,Bülach,2012,5625.0
53,Bülach,2013,4989.0
53,Bülach,2014,4524.0
53,Bülach,2015,4722.0
53,Bülach,2016,4447.0
53,Bülach,2017,5186.0
53,Bülach,2018,5334.0
53,Bülach,2019,7705.0
53,Bülach,2020,7942.0
53,Bülach,2021,7885.0
53,Bülach,2022,8085.0
54,Dietlikon,2009,7749.0
54,Dietlikon,2010,7139.0
54,Dietlikon,2011,6964.0
54,Dietlikon,2012,7858.0
54,Dietlikon,2013,7932.0
54,Dietlikon,2014,6309.0
54,Dietlikon,2015,6327.0
54,Dietlikon,2016,9546.0
54,Dietlikon,2017,7479.0
54,Dietlikon,2018,8568.0
54,Dietlikon,2019,10688.0
54,Dietlikon,2020,8583.0
54,Dietlikon,2021,7788.0
54,Dietlikon,2022,7789.0
55,Eglisau,2009,7285.0
55,Eglisau,2010,7364.0
55,Eglisau,2011,7909.0
55,Eglisau,2012,7146.0
55,Eglisau,2013,5266.0
55,Eglisau,2014,4517.0
55,Eglisau,2015,4964.0
55,Eglisau,2016,4571.0
55,Eglisau,2017,4391.0
55,Eglisau,2018,4532.0
55,Eglisau,2019,8993.0
55,Eglisau,2020,8504.0
55,Eglisau,2021,8548.0
55,Eglisau,2022,8807.0
56,Embrach,2009,3974.0
56,Embrach,2010,7194.0
56,Embrach,2011,5406.0
56,Embrach,2012,4989.0
56,Embrach,2013,4532.0
56,Embrach,2014,4694.0
56,Embrach,2015,5160.0
56,Embrach,2016,4883.0
56,Embrach,2017,5397.0
56,Embrach,2018,4228.0
56,Embrach,2019,5496.0
56,Embrach,2020,6666.0
56,Embrach,2021,6974.0
56,Embrach,2022,7033.0
57,Freienstein-Teufen,2009,6743.0
57,Freienstein-Teufen,2010,6122.0
57,Freienstein-Teufen,2011,5903.0
57,Freienstein-Teufen,2012,5571.0
57,Freienstein-Teufen,2013,5266.0
57,Freienstein-Teufen,2014,4297.0
57,Freienstein-Teufen,2015,4177.0
57,Freienstein-Teufen,2016,4783.0
57,Freienstein-Teufen,2017,4750.0
57,Freienstein-Teufen,2018,4985.0
57,Freienstein-Teufen,2019,9302.0
57,Freienstein-Teufen,2020,8724.0
57,Freienstein-Teufen,2021,8074.0
57,Freienstein-Teufen,2022,7761.0
58,Glattfelden,2009,8570.0
58,Glattfelden,2010,7140.0
58,Glattfelden,2011,6983.0
58,Glattfelden,2012,5924.0
58,Glattfelden,2013,6145.0
58,Glattfelden,2014,5386.0
58,Glattfelden,2015,3626.0
58,Glattfelden,2016,5445.0
58,Glattfelden,2017,5342.0
58,Glattfelden,2018,5618.0
58,Glattfelden,2019,5494.0
58,Glattfelden,2020,5145.0
58,Glattfelden,2021,5401.0
58,Glattfelden,2022,7996.0
59,Hochfelden,2009,9662.0
59,Hochfelden,2010,10305.0
59,Hochfelden,2011,9331.0
59,Hochfelden,2012,9063.0
59,Hochfelden,2013,8599.0
59,Hochfelden,2014,6682.0
59,Hochfelden,2015,8069.0
59,Hochfelden,2016,7970.0
59,Hochfelden,2017,8415.0
59,Hochfelden,2018,8783.0
59,Hochfelden,2019,10895.0
59,Hochfelden,2020,10706.0
59,Hochfelden,2021,9122.0
59,Hochfelden,2022,10972.0
60,Höri,2009,5745.0
60,Höri,2010,6291.0
60,Höri,2011,6884.0
60,Höri,2012,6491.0
60,Höri,2013,6316.0
60,Höri,2014,6124.0
60,Höri,2015,4905.0
60,Höri,2016,5332.0
60,Höri,2017,4962.0
60,Höri,2018,5313.0
60,Höri,2019,12187.0
60,Höri,2020,10879.0
60,Höri,2021,12303.0
60,Höri,2022,11756.0
61,Hüntwangen,2009,14381.0
61,Hüntwangen,2010,18766.0
61,Hüntwangen,2011,16695.0
61,Hüntwangen,2012,15836.0
61,Hüntwangen,2013,15296.0
61,Hüntwangen,2014,14290.0
61,Hüntwangen,2015,14109.0
61,Hüntwangen,2016,12737.0
61,Hüntwangen,2017,13035.0
61,Hüntwangen,2018,12869.0
61,Hüntwangen,2019,12061.0
61,Hüntwangen,2020,13172.0
61,Hüntwangen,2021,10778.0
61,Hüntwangen,2022,10298.0
62,Kloten,2009,6405.0
62,Kloten,2010,8377.0
62,Kloten,2011,8088.0
62,Kloten,2012,7217.0
62,Kloten,2013,6217.0
62,Kloten,2014,7341.0
62,Kloten,2015,9507.0
62,Kloten,2016,8282.0
62,Kloten,2017,10185.0
62,Kloten,2018,11291.0
62,Kloten,2019,10264.0
62,Kloten,2020,7460.0
62,Kloten,2021,8222.0
62,Kloten,2022,11056.0
63,Lufingen,2009,9181.0
63,Lufingen,2010,8523.0
63,Lufingen,2011,8106.0
63,Lufingen,2012,7363.0
63,Lufingen,2013,7564.0
63,Lufingen,2014,7011.0
63,Lufingen,2015,6511.0
63,Lufingen,2016,6608.0
63,Lufingen,2017,6324.0
63,Lufingen,2018,7219.0
63,Lufingen,2019,7910.0
63,Lufingen,2020,6326.0
63,Lufingen,2021,6025.0
63,Lufingen,2022,5812.0
64,Nürensdorf,2009,6520.0
64,Nürensdorf,2010,6591.0
64,Nürensdorf,2011,5964.0
64,Nürensdorf,2012,7278.0
64,Nürensdorf,2013,7599.0
64,Nürensdorf,2014,4973.0
64,Nürensdorf,2015,4493.0
64,Nürensdorf,2016,4773.0
64,Nürensdorf,2017,5000.0
64,Nürensdorf,2018,4995.0
64,Nürensdorf,2019,5534.0
64,Nürensdorf,2020,5803.0
64,Nürensdorf,2021,5137.0
64,Nürensdorf,2022,4910.0
65,Oberembrach,2009,8166.0
65,Oberembrach,2010,8243.0
65,Oberembrach,2011,7832.0
65,Oberembrach,2012,7772.0
65,Oberembrach,2013,7110.0
65,Oberembrach,2014,6117.0
65,Oberembrach,2015,7658.0
65,Oberembrach,2016,7189.0
65,Oberembrach,2017,7802.0
65,Oberembrach,2018,8589.0
65,Oberembrach,2019,7819.0
65,Oberembrach,2020,7715.0
65,Oberembrach,2021,7180.0
65,Oberembrach,2022,7442.0
66,Opfikon,2009,8420.0
66,Opfikon,2010,7730.0
66,Opfikon,2011,7450.0
66,Opfikon,2012,7678.0
66,Opfikon,2013,7223.0
66,Opfikon,2014,6522.0
66,Opfikon,2015,6529.0
66,Opfikon,2016,7885.0
66,Opfikon,2017,7999.0
66,Opfikon,2018,7725.0
66,Opfikon,2019,6914.0
66,Opfikon,2020,8355.0
66,Opfikon,2021,7215.0
66,Opfikon,2022,7231.0
67,Rafz,2009,5363.0
67,Rafz,2010,5456.0
67,Rafz,2011,5206.0
67,Rafz,2012,5488.0
67,Rafz,2013,5573.0
67,Rafz,2014,4810.0
67,Rafz,2015,4315.0
67,Rafz,2016,4633.0
67,Rafz,2017,4692.0
67,Rafz,2018,4695.0
67,Rafz,2019,4406.0
67,Rafz,2020,4840.0
67,Rafz,2021,4283.0
67,Rafz,2022,4617.0
68,Rorbas,2009,10482.0
68,Rorbas,2010,10187.0
68,Rorbas,2011,9707.0
68,Rorbas,2012,9810.0
68,Rorbas,2013,8831.0
68,Rorbas,2014,8808.0
68,Rorbas,2015,8858.0
68,Rorbas,2016,9096.0
68,Rorbas,2017,8780.0
68,Rorbas,2018,9321.0
68,Rorbas,2019,14946.0
68,Rorbas,2020,13928.0
68,Rorbas,2021,14813.0
68,Rorbas,2022,14868.0
69,Wallisellen,2009,7827.0
69,Wallisellen,2010,6177.0
69,Wallisellen,2011,6867.0
69,Wallisellen,2012,6492.0
69,Wallisellen,2013,7749.0
69,Wallisellen,2014,9134.0
69,Wallisellen,2015,10788.0
69,Wallisellen,2016,9097.0
69,Wallisellen,2017,9599.0
69,Wallisellen,2018,9131.0
69,Wallisellen,2019,9709.0
69,Wallisellen,2020,12175.0
69,Wallisellen,2021,13103.0
69,Wallisellen,2022,12591.0
70,Wasterkingen,2009,7148.0
70,Wasterkingen,2010,7159.0
70,Wasterkingen,2011,8168.0
70,Wasterkingen,2012,8944.0
70,Wasterkingen,2013,8770.0
70,Wasterkingen,2014,8097.0
70,Wasterkingen,2015,8109.0
70,Wasterkingen,2016,7747.0
70,Wasterkingen,2017,8197.0
70,Wasterkingen,2018,9113.0
70,Wasterkingen,2019,12199.0
70,Wasterkingen,2020,12194.0
70,Wasterkingen,2021,12236.0
70,Wasterkingen,2022,14002.0
71,Wil,2009,8329.0
71,Wil,2010,9499.0
71,Wil,2011,10441.0
71,Wil,2012,9907.0
71,Wil,2013,9938.0
71,Wil,2014,8718.0
71,Wil,2015,7750.0
71,Wil,2016,9074.0
71,Wil,2017,9743.0
71,Wil,2018,9608.0
71,Wil,2019,9565.0
71,Wil,2020,9699.0
71,Wil,2021,9583.0
71,Wil,2022,10231.0
72,Winkel,2009,13309.0
72,Winkel,2010,13683.0
72,Winkel,2011,14293.0
72,Winkel,2012,15064.0
72,Winkel,2013,13490.0
72,Winkel,2014,14291.0
72,Winkel,2015,13711.0
72,Winkel,2016,14374.0
72,Winkel,2017,14242.0
72,Winkel,2018,13439.0
72,Winkel,2019,15144.0
72,Winkel,2020,12790.0
72,Winkel,2021,11790.0
72,Winkel,2022,10969.0
81,Bachs,2009,9525.0
81,Bachs,2010,7160.0
81,Bachs,2011,6594.0
81,Bachs,2012,8140.0
81,Bachs,2013,6863.0
81,Bachs,2014,7346.0
81,Bachs,2015,7834.0
81,Bachs,2016,6323.0
81,Bachs,2017,7898.0
81,Bachs,2018,6517.0
81,Bachs,2019,9028.0
81,Bachs,2020,10606.0
81,Bachs,2021,10023.0
81,Bachs,2022,11662.0
82,Boppelsen,2009,11969.0
82,Boppelsen,2010,11246.0
82,Boppelsen,2011,11480.0
82,Boppelsen,2012,11776.0
82,Boppelsen,2013,12088.0
82,Boppelsen,2014,12726.0
82,Boppelsen,2015,9262.0
82,Boppelsen,2016,9321.0
82,Boppelsen,2017,9112.0
82,Boppelsen,2018,9043.0
82,Boppelsen,2019,10268.0
82,Boppelsen,2020,10007.0
82,Boppelsen,2021,10630.0
82,Boppelsen,2022,10041.0
83,Buchs,2009,8413.0
83,Buchs,2010,8344.0
83,Buchs,2011,8108.0
83,Buchs,2012,7536.0
83,Buchs,2013,7338.0
83,Buchs,2014,7246.0
83,Buchs,2015,7365.0
83,Buchs,2016,7143.0
83,Buchs,2017,7720.0
83,Buchs,2018,7584.0
83,Buchs,2019,7145.0
83,Buchs,2020,7108.0
83,Buchs,2021,8561.0
83,Buchs,2022,7017.0
84,Dällikon,2009,12344.0
84,Dällikon,2010,12005.0
84,Dällikon,2011,12509.0
84,Dällikon,2012,13377.0
84,Dällikon,2013,12715.0
84,Dällikon,2014,11567.0
84,Dällikon,2015,11474.0
84,Dällikon,2016,11158.0
84,Dällikon,2017,11610.0
84,Dällikon,2018,12210.0
84,Dällikon,2019,12508.0
84,Dällikon,2020,12657.0
84,Dällikon,2021,12869.0
84,Dällikon,2022,14104.0
85,Dänikon,2009,10133.0
85,Dänikon,2010,11062.0
85,Dänikon,2011,9865.0
85,Dänikon,2012,9369.0
85,Dänikon,2013,9297.0
85,Dänikon,2014,9119.0
85,Dänikon,2015,9671.0
85,Dänikon,2016,10127.0
85,Dänikon,2017,10258.0
85,Dänikon,2018,10172.0
85,Dänikon,2019,14239.0
85,Dänikon,2020,13614.0
85,Dänikon,2021,14042.0
85,Dänikon,2022,14417.0
86,Dielsdorf,2009,6979.0
86,Dielsdorf,2010,6476.0
86,Dielsdorf,2011,6287.0
86,Dielsdorf,2012,6347.0
86,Dielsdorf,2013,5916.0
86,Dielsdorf,2014,6642.0
86,Dielsdorf,2015,6280.0
86,Dielsdorf,2016,6274.0
86,Dielsdorf,2017,5923.0
86,Dielsdorf,2018,5713.0
86,Dielsdorf,2019,5363.0
86,Dielsdorf,2020,5699.0
86,Dielsdorf,2021,7251.0
86,Dielsdorf,2022,7616.0
87,Hüttikon,2009,3280.0
87,Hüttikon,2010,4465.0
87,Hüttikon,2011,3875.0
87,Hüttikon,2012,4636.0
87,Hüttikon,2013,5009.0
87,Hüttikon,2014,5331.0
87,Hüttikon,2015,5036.0
87,Hüttikon,2016,4635.0
87,Hüttikon,2017,4757.0
87,Hüttikon,2018,5288.0
87,Hüttikon,2019,7099.0
87,Hüttikon,2020,8096.0
87,Hüttikon,2021,10455.0
87,Hüttikon,2022,10982.0
88,Neerach,2009,11044.0
88,Neerach,2010,10976.0
88,Neerach,2011,11409.0
88,Neerach,2012,10976.0
88,Neerach,2013,11806.0
88,Neerach,2014,12711.0
88,Neerach,2015,13721.0
88,Neerach,2016,16536.0
88,Neerach,2017,15086.0
88,Neerach,2018,15014.0
88,Neerach,2019,16769.0
88,Neerach,2020,15584.0
88,Neerach,2021,16168.0
88,Neerach,2022,15510.0
89,Niederglatt,2009,4519.0
89,Niederglatt,2010,4457.0
89,Niederglatt,2011,5113.0
89,Niederglatt,2012,5694.0
89,Niederglatt,2013,5718.0
89,Niederglatt,2014,3790.0
89,Niederglatt,2015,4691.0
89,Niederglatt,2016,5311.0
89,Niederglatt,2017,6100.0
89,Niederglatt,2018,5781.0
89,Niederglatt,2019,10929.0
89,Niederglatt,2020,9789.0
89,Niederglatt,2021,9314.0
89,Niederglatt,2022,10054.0
90,Niederhasli,2009,4412.0
90,Niederhasli,2010,5003.0
90,Niederhasli,2011,5056.0
90,Niederhasli,2012,4559.0
90,Niederhasli,2013,3978.0
90,Niederhasli,2014,3875.0
90,Niederhasli,2015,3807.0
90,Niederhasli,2016,3492.0
90,Niederhasli,2017,3989.0
90,Niederhasli,2018,3730.0
90,Niederhasli,2019,8418.0
90,Niederhasli,2020,8579.0
90,Niederhasli,2021,7554.0
90,Niederhasli,2022,8500.0
91,Niederweningen,2009,7439.0
91,Niederweningen,2010,9020.0
91,Niederweningen,2011,8785.0
91,Niederweningen,2012,9060.0
91,Niederweningen,2013,7949.0
91,Niederweningen,2014,8734.0
91,Niederweningen,2015,7786.0
91,Niederweningen,2016,8190.0
91,Niederweningen,2017,7961.0
91,Niederweningen,2018,8949.0
91,Niederweningen,2019,8712.0
91,Niederweningen,2020,8823.0
91,Niederweningen,2021,7526.0
91,Niederweningen,2022,8533.0
92,Oberglatt,2009,6107.0
92,Oberglatt,2010,6106.0
92,Oberglatt,2011,5288.0
92,Oberglatt,2012,6027.0
92,Oberglatt,2013,5118.0
92,Oberglatt,2014,3918.0
92,Oberglatt,2015,4244.0
92,Oberglatt,2016,5999.0
92,Oberglatt,2017,6130.0
92,Oberglatt,2018,4496.0
92,Oberglatt,2019,9215.0
92,Oberglatt,2020,9469.0
92,Oberglatt,2021,10042.0
92,Oberglatt,2022,10436.0
93,Oberweningen,2009,6789.0
93,Oberweningen,2010,3829.0
93,Oberweningen,2011,4439.0
93,Oberweningen,2012,4903.0
93,Oberweningen,2013,5335.0
93,Oberweningen,2014,5793.0
93,Oberweningen,2015,5346.0
93,Oberweningen,2016,5386.0
93,Oberweningen,2017,5893.0
93,Oberweningen,2018,5335.0
93,Oberweningen,2019,5630.0
93,Oberweningen,2020,5259.0
93,Oberweningen,2021,5002.0
93,Oberweningen,2022,6370.0
94,Otelfingen,2009,13450.0
94,Otelfingen,2010,13857.0
94,Otelfingen,2011,12429.0
94,Otelfingen,2012,11177.0
94,Otelfingen,2013,11460.0
94,Otelfingen,2014,11842.0
94,Otelfingen,2015,11589.0
94,Otelfingen,2016,11214.0
94,Otelfingen,2017,9271.0
94,Otelfingen,2018,8422.0
94,Otelfingen,2019,10254.0
94,Otelfingen,2020,10587.0
94,Otelfingen,2021,10214.0
94,Otelfingen,2022,10641.0
95,Regensberg,2009,16757.0
95,Regensberg,2010,16885.0
95,Regensberg,2011,17933.0
95,Regensberg,2012,19974.0
95,Regensberg,2013,20074.0
95,Regensberg,2014,19746.0
95,Regensberg,2015,20227.0
95,Regensberg,2016,22281.0
95,Regensberg,2017,22430.0
95,Regensberg,2018,20824.0
95,Regensberg,2019,23367.0
95,Regensberg,2020,23276.0
95,Regensberg,2021,24778.0
95,Regensberg,2022,23808.0
96,Regensdorf,2009,7717.0
96,Regensdorf,2010,8349.0
96,Regensdorf,2011,5974.0
96,Regensdorf,2012,6156.0
96,Regensdorf,2013,5314.0
96,Regensdorf,2014,5564.0
96,Regensdorf,2015,5511.0
96,Regensdorf,2016,7726.0
96,Regensdorf,2017,9876.0
96,Regensdorf,2018,9261.0
96,Regensdorf,2019,9598.0
96,Regensdorf,2020,10797.0
96,Regensdorf,2021,10389.0
96,Regensdorf,2022,9787.0
97,Rümlang,2009,9120.0
97,Rümlang,2010,8509.0
97,Rümlang,2011,10586.0
97,Rümlang,2012,10667.0
97,Rümlang,2013,10518.0
97,Rümlang,2014,9351.0
97,Rümlang,2015,9541.0
97,Rümlang,2016,10875.0
97,Rümlang,2017,9085.0
97,Rümlang,2018,8951.0
97,Rümlang,2019,9459.0
97,Rümlang,2020,10217.0
97,Rümlang,2021,10386.0
97,Rümlang,2022,12640.0
98,Schleinikon,2009,10635.0
98,Schleinikon,2010,8415.0
98,Schleinikon,2011,8529.0
98,Schleinikon,2012,9237.0
98,Schleinikon,2013,9519.0
98,Schleinikon,2014,10477.0
98,Schleinikon,2015,9083.0
98,Schleinikon,2016,8525.0
98,Schleinikon,2017,9762.0
98,Schleinikon,2018,8811.0
98,Schleinikon,2019,7741.0
98,Schleinikon,2020,8201.0
98,Schleinikon,2021,7975.0
98,Schleinikon,2022,7763.0
99,Schöfflisdorf,2009,7418.0
99,Schöfflisdorf,2010,7135.0
99,Schöfflisdorf,2011,6613.0
99,Schöfflisdorf,2012,7101.0
99,Schöfflisdorf,2013,7229.0
99,Schöfflisdorf,2014,7561.0
99,Schöfflisdorf,2015,6816.0
99,Schöfflisdorf,2016,6646.0
99,Schöfflisdorf,2017,7826.0
99,Schöfflisdorf,2018,7410.0
99,Schöfflisdorf,2019,7409.0
99,Schöfflisdorf,2020,7330.0
99,Schöfflisdorf,2021,7280.0
99,Schöfflisdorf,2022,8078.0
100,Stadel,2009,6623.0
100,Stadel,2010,7535.0
100,Stadel,2011,7255.0
100,Stadel,2012,7478.0
100,Stadel,2013,7485.0
100,Stadel,2014,6090.0
100,Stadel,2015,6224.0
100,Stadel,2016,5398.0
100,Stadel,2017,6923.0
100,Stadel,2018,5992.0
100,Stadel,2019,5678.0
100,Stadel,2020,5429.0
100,Stadel,2021,5579.0
100,Stadel,2022,6545.0
101,Steinmaur,2009,6768.0
101,Steinmaur,2010,6740.0
101,Steinmaur,2011,7639.0
101,Steinmaur,2012,7852.0
101,Steinmaur,2013,7202.0
101,Steinmaur,2014,6744.0
101,Steinmaur,2015,7373.0
101,Steinmaur,2016,6328.0
101,Steinmaur,2017,6774.0
101,Steinmaur,2018,5576.0
101,Steinmaur,2019,4704.0
101,Steinmaur,2020,3957.0
101,Steinmaur,2021,4606.0
101,Steinmaur,2022,5117.0
102,Weiach,2009,11888.0
102,Weiach,2010,12305.0
102,Weiach,2011,12756.0
102,Weiach,2012,13260.0
102,Weiach,2013,14460.0
102,Weiach,2014,11437.0
102,Weiach,2015,10352.0
102,Weiach,2016,11565.0
102,Weiach,2017,13077.0
102,Weiach,2018,13770.0
102,Weiach,2019,14271.0
102,Weiach,2020,16024.0
102,Weiach,2021,15748.0
102,Weiach,2022,14307.0
111,Bäretswil,2009,4616.0
111,Bäretswil,2010,4687.0
111,Bäretswil,2011,3679.0
111,Bäretswil,2012,4086.0
111,Bäretswil,2013,4685.0
111,Bäretswil,2014,4627.0
111,Bäretswil,2015,3411.0
111,Bäretswil,2016,3472.0
111,Bäretswil,2017,3906.0
111,Bäretswil,2018,4068.0
111,Bäretswil,2019,4535.0
111,Bäretswil,2020,4614.0
111,Bäretswil,2021,3880.0
111,Bäretswil,2022,4809.0
112,Bubikon,2009,3271.0
112,Bubikon,2010,2532.0
112,Bubikon,2011,2327.0
112,Bubikon,2012,2383.0
112,Bubikon,2013,2655.0
112,Bubikon,2014,3217.0
112,Bubikon,2015,3276.0
112,Bubikon,2016,3631.0
112,Bubikon,2017,4405.0
112,Bubikon,2018,3056.0
112,Bubikon,2019,2725.0
112,Bubikon,2020,2687.0
112,Bubikon,2021,3351.0
112,Bubikon,2022,3399.0
113,Dürnten,2009,5078.0
113,Dürnten,2010,5426.0
113,Dürnten,2011,4870.0
113,Dürnten,2012,4833.0
113,Dürnten,2013,5159.0
113,Dürnten,2014,4655.0
113,Dürnten,2015,4238.0
113,Dürnten,2016,3637.0
113,Dürnten,2017,3879.0
113,Dürnten,2018,4446.0
113,Dürnten,2019,5304.0
113,Dürnten,2020,5237.0
113,Dürnten,2021,5397.0
113,Dürnten,2022,6427.0
114,Fischenthal,2009,5714.0
114,Fischenthal,2010,5420.0
114,Fischenthal,2011,6593.0
114,Fischenthal,2012,7493.0
114,Fischenthal,2013,7580.0
114,Fischenthal,2014,6706.0
114,Fischenthal,2015,6793.0
114,Fischenthal,2016,4416.0
114,Fischenthal,2017,4354.0
114,Fischenthal,2018,5858.0
114,Fischenthal,2019,6884.0
114,Fischenthal,2020,8580.0
114,Fischenthal,2021,8137.0
114,Fischenthal,2022,8575.0
115,Gossau,2009,4177.0
115,Gossau,2010,4090.0
115,Gossau,2011,4549.0
115,Gossau,2012,3714.0
115,Gossau,2013,3847.0
115,Gossau,2014,3179.0
115,Gossau,2015,3124.0
115,Gossau,2016,2969.0
115,Gossau,2017,2889.0
115,Gossau,2018,4105.0
115,Gossau,2019,3126.0
115,Gossau,2020,3376.0
115,Gossau,2021,3388.0
115,Gossau,2022,3431.0
116,Grüningen,2009,7511.0
116,Grüningen,2010,6281.0
116,Grüningen,2011,6414.0
116,Grüningen,2012,7374.0
116,Grüningen,2013,7295.0
116,Grüningen,2014,4996.0
116,Grüningen,2015,4327.0
116,Grüningen,2016,4600.0
116,Grüningen,2017,5227.0
116,Grüningen,2018,5341.0
116,Grüningen,2019,4725.0
116,Grüningen,2020,5117.0
116,Grüningen,2021,4847.0
116,Grüningen,2022,4672.0
117,Hinwil,2009,4664.0
117,Hinwil,2010,5396.0
117,Hinwil,2011,3958.0
117,Hinwil,2012,4054.0
117,Hinwil,2013,3728.0
117,Hinwil,2014,3690.0
117,Hinwil,2015,4549.0
117,Hinwil,2016,4675.0
117,Hinwil,2017,4420.0
117,Hinwil,2018,4011.0
117,Hinwil,2019,4397.0
117,Hinwil,2020,5803.0
117,Hinwil,2021,5654.0
117,Hinwil,2022,6486.0
118,Rüti,2009,6907.0
118,Rüti,2010,6292.0
118,Rüti,2011,6907.0
118,Rüti,2012,7181.0
118,Rüti,2013,6485.0
118,Rüti,2014,4330.0
118,Rüti,2015,4240.0
118,Rüti,2016,4808.0
118,Rüti,2017,5457.0
118,Rüti,2018,6182.0
118,Rüti,2019,6969.0
118,Rüti,2020,5544.0
118,Rüti,2021,6006.0
118,Rüti,2022,5025.0
119,Seegräben,2009,5743.0
119,Seegräben,2010,6299.0
119,Seegräben,2011,4770.0
119,Seegräben,2012,5076.0
119,Seegräben,2013,3690.0
119,Seegräben,2014,3377.0
119,Seegräben,2015,3575.0
119,Seegräben,2016,4083.0
119,Seegräben,2017,4847.0
119,Seegräben,2018,4350.0
119,Seegräben,2019,3512.0
119,Seegräben,2020,3837.0
119,Seegräben,2021,5810.0
119,Seegräben,2022,5872.0
120,Wald,2009,4673.0
120,Wald,2010,2969.0
120,Wald,2011,2552.0
120,Wald,2012,2431.0
120,Wald,2013,2285.0
120,Wald,2014,2132.0
120,Wald,2015,2357.0
120,Wald,2016,2454.0
120,Wald,2017,2067.0
120,Wald,2018,2472.0
120,Wald,2019,2657.0
120,Wald,2020,2738.0
120,Wald,2021,2775.0
120,Wald,2022,2441.0
121,Wetzikon,2009,7213.0
121,Wetzikon,2010,6706.0
121,Wetzikon,2011,4800.0
121,Wetzikon,2012,4647.0
121,Wetzikon,2013,4788.0
121,Wetzikon,2014,4766.0
121,Wetzikon,2015,4568.0
121,Wetzikon,2016,5509.0
121,Wetzikon,2017,5531.0
121,Wetzikon,2018,6179.0
121,Wetzikon,2019,9166.0
121,Wetzikon,2020,9824.0
121,Wetzikon,2021,9561.0
121,Wetzikon,2022,9656.0
131,Adliswil,2009,3904.0
131,Adliswil,2010,3710.0
131,Adliswil,2011,4014.0
131,Adliswil,2012,4597.0
131,Adliswil,2013,4701.0
131,Adliswil,2014,3717.0
131,Adliswil,2015,4276.0
131,Adliswil,2016,3901.0
131,Adliswil,2017,4983.0
131,Adliswil,2018,3769.0
131,Adliswil,2019,4622.0
131,Adliswil,2020,4069.0
131,Adliswil,2021,5676.0
131,Adliswil,2022,4334.0
135,Kilchberg,2009,11669.0
135,Kilchberg,2010,10554.0
135,Kilchberg,2011,11242.0
135,Kilchberg,2012,15469.0
135,Kilchberg,2013,18139.0
135,Kilchberg,2014,16204.0
135,Kilchberg,2015,14137.0
135,Kilchberg,2016,14263.0
135,Kilchberg,2017,16683.0
135,Kilchberg,2018,17041.0
135,Kilchberg,2019,16636.0
135,Kilchberg,2020,16294.0
135,Kilchberg,2021,17293.0
135,Kilchberg,2022,19487.0
136,Langnau,2009,3668.0
136,Langnau,2010,4875.0
136,Langnau,2011,4958.0
136,Langnau,2012,4524.0
136,Langnau,2013,5062.0
136,Langnau,2014,4343.0
136,Langnau,2015,3913.0
136,Langnau,2016,4336.0
136,Langnau,2017,4592.0
136,Langnau,2018,4636.0
136,Langnau,2019,5413.0
136,Langnau,2020,5861.0
136,Langnau,2021,5914.0
136,Langnau,2022,6024.0
137,Oberrieden,2009,11446.0
137,Oberrieden,2010,13043.0
137,Oberrieden,2011,13276.0
137,Oberrieden,2012,12179.0
137,Oberrieden,2013,10458.0
137,Oberrieden,2014,10518.0
137,Oberrieden,2015,9030.0
137,Oberrieden,2016,9828.0
137,Oberrieden,2017,11708.0
137,Oberrieden,2018,10805.0
137,Oberrieden,2019,11215.0
137,Oberrieden,2020,11742.0
137,Oberrieden,2021,9408.0
137,Oberrieden,2022,10927.0
138,Richterswil,2009,4239.0
138,Richterswil,2010,4175.0
138,Richterswil,2011,4356.0
138,Richterswil,2012,4810.0
138,Richterswil,2013,5370.0
138,Richterswil,2014,5078.0
138,Richterswil,2015,4295.0
138,Richterswil,2016,4335.0
138,Richterswil,2017,4663.0
138,Richterswil,2018,4353.0
138,Richterswil,2019,4196.0
138,Richterswil,2020,4067.0
138,Richterswil,2021,4239.0
138,Richterswil,2022,4302.0
139,Rüschlikon,2009,16284.0
139,Rüschlikon,2010,15995.0
139,Rüschlikon,2011,45276.0
139,Rüschlikon,2012,41546.0
139,Rüschlikon,2013,15454.0
139,Rüschlikon,2014,15500.0
139,Rüschlikon,2015,13751.0
139,Rüschlikon,2016,11851.0
139,Rüschlikon,2017,17103.0
139,Rüschlikon,2018,18745.0
139,Rüschlikon,2019,22594.0
139,Rüschlikon,2020,19901.0
139,Rüschlikon,2021,16115.0
139,Rüschlikon,2022,18421.0
141,Thalwil,2009,5344.0
141,Thalwil,2010,5004.0
141,Thalwil,2011,5183.0
141,Thalwil,2012,4991.0
141,Thalwil,2013,4928.0
141,Thalwil,2014,5106.0
141,Thalwil,2015,4960.0
141,Thalwil,2016,4783.0
141,Thalwil,2017,4760.0
141,Thalwil,2018,4643.0
141,Thalwil,2019,5345.0
141,Thalwil,2020,5710.0
141,Thalwil,2021,6004.0
141,Thalwil,2022,7028.0
151,Erlenbach,2009,17279.0
151,Erlenbach,2010,16574.0
151,Erlenbach,2011,15712.0
151,Erlenbach,2012,16788.0
151,Erlenbach,2013,16881.0
151,Erlenbach,2014,16767.0
151,Erlenbach,2015,13585.0
151,Erlenbach,2016,10566.0
151,Erlenbach,2017,9903.0
151,Erlenbach,2018,11924.0
151,Erlenbach,2019,14408.0
151,Erlenbach,2020,14203.0
151,Erlenbach,2021,15533.0
151,Erlenbach,2022,21593.0
152,Herrliberg,2009,16067.0
152,Herrliberg,2010,14731.0
152,Herrliberg,2011,21132.0
152,Herrliberg,2012,21020.0
152,Herrliberg,2013,22508.0
152,Herrliberg,2014,21124.0
152,Herrliberg,2015,21761.0
152,Herrliberg,2016,21811.0
152,Herrliberg,2017,22690.0
152,Herrliberg,2018,22768.0
152,Herrliberg,2019,23767.0
152,Herrliberg,2020,23454.0
152,Herrliberg,2021,23469.0
152,Herrliberg,2022,25902.0
153,Hombrechtikon,2009,4891.0
153,Hombrechtikon,2010,4703.0
153,Hombrechtikon,2011,4546.0
153,Hombrechtikon,2012,4001.0
153,Hombrechtikon,2013,3574.0
153,Hombrechtikon,2014,3282.0
153,Hombrechtikon,2015,4403.0
153,Hombrechtikon,2016,3191.0
153,Hombrechtikon,2017,4160.0
153,Hombrechtikon,2018,4921.0
153,Hombrechtikon,2019,7808.0
153,Hombrechtikon,2020,7504.0
153,Hombrechtikon,2021,8321.0
153,Hombrechtikon,2022,8920.0
154,Küsnacht,2009,17142.0
154,Küsnacht,2010,16173.0
154,Küsnacht,2011,17854.0
154,Küsnacht,2012,16334.0
154,Küsnacht,2013,13712.0
154,Küsnacht,2014,10453.0
154,Küsnacht,2015,8532.0
154,Küsnacht,2016,10472.0
154,Küsnacht,2017,11890.0
154,Küsnacht,2018,13690.0
154,Küsnacht,2019,16252.0
154,Küsnacht,2020,16875.0
154,Küsnacht,2021,18344.0
154,Küsnacht,2022,17370.0
155,Männedorf,2009,6405.0
155,Männedorf,2010,4691.0
155,Männedorf,2011,4575.0
155,Männedorf,2012,4931.0
155,Männedorf,2013,5263.0
155,Männedorf,2014,4887.0
155,Männedorf,2015,5831.0
155,Männedorf,2016,4848.0
155,Männedorf,2017,5102.0
155,Männedorf,2018,5360.0
155,Männedorf,2019,5788.0
155,Männedorf,2020,4959.0
155,Männedorf,2021,5686.0
155,Männedorf,2022,6838.0
156,Meilen,2009,13688.0
156,Meilen,2010,13242.0
156,Meilen,2011,13029.0
156,Meilen,2012,12499.0
156,Meilen,2013,12739.0
156,Meilen,2014,11987.0
156,Meilen,2015,10440.0
156,Meilen,2016,10291.0
156,Meilen,2017,10038.0
156,Meilen,2018,11080.0
156,Meilen,2019,11401.0
156,Meilen,2020,11279.0
156,Meilen,2021,11298.0
156,Meilen,2022,12052.0
157,Oetwil,2009,5458.0
157,Oetwil,2010,4694.0
157,Oetwil,2011,5193.0
157,Oetwil,2012,5228.0
157,Oetwil,2013,4855.0
157,Oetwil,2014,4568.0
157,Oetwil,2015,4034.0
157,Oetwil,2016,3722.0
157,Oetwil,2017,4071.0
157,Oetwil,2018,4048.0
157,Oetwil,2019,7422.0
157,Oetwil,2020,7125.0
157,Oetwil,2021,9033.0
157,Oetwil,2022,9456.0
158,Stäfa,2009,6950.0
158,Stäfa,2010,7439.0
158,Stäfa,2011,8362.0
158,Stäfa,2012,8968.0
158,Stäfa,2013,8514.0
158,Stäfa,2014,8247.0
158,Stäfa,2015,6299.0
158,Stäfa,2016,5221.0
158,Stäfa,2017,5149.0
158,Stäfa,2018,5175.0
158,Stäfa,2019,6542.0
158,Stäfa,2020,7510.0
158,Stäfa,2021,9313.0
158,Stäfa,2022,9145.0
159,Uetikon,2009,6272.0
159,Uetikon,2010,8035.0
159,Uetikon,2011,7245.0
159,Uetikon,2012,6422.0
159,Uetikon,2013,5856.0
159,Uetikon,2014,8302.0
159,Uetikon,2015,6967.0
159,Uetikon,2016,9161.0
159,Uetikon,2017,12099.0
159,Uetikon,2018,12936.0
159,Uetikon,2019,10728.0
159,Uetikon,2020,11464.0
159,Uetikon,2021,12380.0
159,Uetikon,2022,11674.0
160,Zumikon,2009,16009.0
160,Zumikon,2010,13151.0
160,Zumikon,2011,16068.0
160,Zumikon,2012,15142.0
160,Zumikon,2013,12736.0
160,Zumikon,2014,8620.0
160,Zumikon,2015,6976.0
160,Zumikon,2016,8115.0
160,Zumikon,2017,9891.0
160,Zumikon,2018,8644.0
160,Zumikon,2019,11556.0
160,Zumikon,2020,13049.0
160,Zumikon,2021,12055.0
160,Zumikon,2022,16430.0
161,Zollikon,2009,8921.0
161,Zollikon,2010,8319.0
161,Zollikon,2011,8355.0
161,Zollikon,2012,8217.0
161,Zollikon,2013,8743.0
161,Zollikon,2014,8766.0
161,Zollikon,2015,8890.0
161,Zollikon,2016,8489.0
161,Zollikon,2017,8358.0
161,Zollikon,2018,10056.0
161,Zollikon,2019,9489.0
161,Zollikon,2020,10483.0
161,Zollikon,2021,12845.0
161,Zollikon,2022,13327.0
172,Fehraltorf,2009,6360.0
172,Fehraltorf,2010,6101.0
172,Fehraltorf,2011,6047.0
172,Fehraltorf,2012,6482.0
172,Fehraltorf,2013,4556.0
172,Fehraltorf,2014,4509.0
172,Fehraltorf,2015,4726.0
172,Fehraltorf,2016,5357.0
172,Fehraltorf,2017,4752.0
172,Fehraltorf,2018,5011.0
172,Fehraltorf,2019,5410.0
172,Fehraltorf,2020,6119.0
172,Fehraltorf,2021,6330.0
172,Fehraltorf,2022,5335.0
173,Hittnau,2009,3731.0
173,Hittnau,2010,3763.0
173,Hittnau,2011,3781.0
173,Hittnau,2012,5792.0
173,Hittnau,2013,6446.0
173,Hittnau,2014,6251.0
173,Hittnau,2015,5193.0
173,Hittnau,2016,4523.0
173,Hittnau,2017,4063.0
173,Hittnau,2018,4767.0
173,Hittnau,2019,10674.0
173,Hittnau,2020,10759.0
173,Hittnau,2021,10296.0
173,Hittnau,2022,11445.0
176,Lindau,2009,4471.0
176,Lindau,2010,4340.0
176,Lindau,2011,3844.0
176,Lindau,2012,3516.0
176,Lindau,2013,3540.0
176,Lindau,2014,3076.0
176,Lindau,2015,4328.0
176,Lindau,2016,3477.0
176,Lindau,2017,3258.0
176,Lindau,2018,5362.0
176,Lindau,2019,6153.0
176,Lindau,2020,5615.0
176,Lindau,2021,6570.0
176,Lindau,2022,6025.0
177,Pfäffikon,2009,4247.0
177,Pfäffikon,2010,3950.0
177,Pfäffikon,2011,5066.0
177,Pfäffikon,2012,4861.0
177,Pfäffikon,2013,5460.0
177,Pfäffikon,2014,4547.0
177,Pfäffikon,2015,3291.0
177,Pfäffikon,2016,2497.0
177,Pfäffikon,2017,3313.0
177,Pfäffikon,2018,3799.0
177,Pfäffikon,2019,4551.0
177,Pfäffikon,2020,4758.0
177,Pfäffikon,2021,4361.0
177,Pfäffikon,2022,4672.0
178,Russikon,2009,4814.0
178,Russikon,2010,3088.0
178,Russikon,2011,3423.0
178,Russikon,2012,3373.0
178,Russikon,2013,2954.0
178,Russikon,2014,3133.0
178,Russikon,2015,3762.0
178,Russikon,2016,3904.0
178,Russikon,2017,4074.0
178,Russikon,2018,4253.0
178,Russikon,2019,5460.0
178,Russikon,2020,5782.0
178,Russikon,2021,6358.0
178,Russikon,2022,6218.0
180,Weisslingen,2009,7705.0
180,Weisslingen,2010,6998.0
180,Weisslingen,2011,6633.0
180,Weisslingen,2012,6892.0
180,Weisslingen,2013,6216.0
180,Weisslingen,2014,7028.0
180,Weisslingen,2015,6705.0
180,Weisslingen,2016,7552.0
180,Weisslingen,2017,6815.0
180,Weisslingen,2018,7083.0
180,Weisslingen,2019,9213.0
180,Weisslingen,2020,9039.0
180,Weisslingen,2021,8406.0
180,Weisslingen,2022,9115.0
181,Wila,2009,3973.0
181,Wila,2010,4761.0
181,Wila,2011,4560.0
181,Wila,2012,4701.0
181,Wila,2013,5983.0
181,Wila,2014,5295.0
181,Wila,2015,5720.0
181,Wila,2016,7432.0
181,Wila,2017,7915.0
181,Wila,2018,8704.0
181,Wila,2019,8386.0
181,Wila,2020,9717.0
181,Wila,2021,10263.0
181,Wila,2022,10595.0
182,Wildberg,2009,6918.0
182,Wildberg,2010,6997.0
182,Wildberg,2011,6252.0
182,Wildberg,2012,6333.0
182,Wildberg,2013,7469.0
182,Wildberg,2014,7366.0
182,Wildberg,2015,6051.0
182,Wildberg,2016,6699.0
182,Wildberg,2017,9102.0
182,Wildberg,2018,9456.0
182,Wildberg,2019,8643.0
182,Wildberg,2020,7206.0
182,Wildberg,2021,8362.0
182,Wildberg,2022,8571.0
191,Dübendorf,2009,5470.0
191,Dübendorf,2010,5597.0
191,Dübendorf,2011,5885.0
191,Dübendorf,2012,5556.0
191,Dübendorf,2013,5449.0
191,Dübendorf,2014,5140.0
191,Dübendorf,2015,5734.0
191,Dübendorf,2016,5768.0
191,Dübendorf,2017,5905.0
191,Dübendorf,2018,5985.0
191,Dübendorf,2019,5990.0
191,Dübendorf,2020,6194.0
191,Dübendorf,2021,8300.0
191,Dübendorf,2022,8833.0
192,Egg,2009,8267.0
192,Egg,2010,7349.0
192,Egg,2011,7102.0
192,Egg,2012,7716.0
192,Egg,2013,7539.0
192,Egg,2014,7359.0
192,Egg,2015,7087.0
192,Egg,2016,6440.0
192,Egg,2017,6925.0
192,Egg,2018,6756.0
192,Egg,2019,7063.0
192,Egg,2020,5943.0
192,Egg,2021,6408.0
192,Egg,2022,6918.0
193,Fällanden,2009,7331.0
193,Fällanden,2010,6590.0
193,Fällanden,2011,7463.0
193,Fällanden,2012,7376.0
193,Fällanden,2013,6879.0
193,Fällanden,2014,6263.0
193,Fällanden,2015,6148.0
193,Fällanden,2016,6359.0
193,Fällanden,2017,6877.0
193,Fällanden,2018,5981.0
193,Fällanden,2019,7895.0
193,Fällanden,2020,8063.0
193,Fällanden,2021,7558.0
193,Fällanden,2022,7238.0
194,Greifensee,2009,8517.0
194,Greifensee,2010,9383.0
194,Greifensee,2011,8246.0
194,Greifensee,2012,8373.0
194,Greifensee,2013,9045.0
194,Greifensee,2014,8943.0
194,Greifensee,2015,10260.0
194,Greifensee,2016,9001.0
194,Greifensee,2017,9812.0
194,Greifensee,2018,9685.0
194,Greifensee,2019,9336.0
194,Greifensee,2020,8528.0
194,Greifensee,2021,8355.0
194,Greifensee,2022,8190.0
195,Maur,2009,12247.0
195,Maur,2010,11272.0
195,Maur,2011,11572.0
195,Maur,2012,11470.0
195,Maur,2013,12805.0
195,Maur,2014,12169.0
195,Maur,2015,10771.0
195,Maur,2016,11070.0
195,Maur,2017,11893.0
195,Maur,2018,12455.0
195,Maur,2019,13604.0
195,Maur,2020,12151.0
195,Maur,2021,12052.0
195,Maur,2022,12055.0
196,Mönchaltorf,2009,6313.0
196,Mönchaltorf,2010,7169.0
196,Mönchaltorf,2011,6440.0
196,Mönchaltorf,2012,7188.0
196,Mönchaltorf,2013,5655.0
196,Mönchaltorf,2014,5038.0
196,Mönchaltorf,2015,5007.0
196,Mönchaltorf,2016,5921.0
196,Mönchaltorf,2017,6082.0
196,Mönchaltorf,2018,5815.0
196,Mönchaltorf,2019,7394.0
196,Mönchaltorf,2020,9014.0
196,Mönchaltorf,2021,8894.0
196,Mönchaltorf,2022,9691.0
197,Schwerzenbach,2009,5648.0
197,Schwerzenbach,2010,6200.0
197,Schwerzenbach,2011,6086.0
197,Schwerzenbach,2012,5378.0
197,Schwerzenbach,2013,4888.0
197,Schwerzenbach,2014,3977.0
197,Schwerzenbach,2015,5220.0
197,Schwerzenbach,2016,6596.0
197,Schwerzenbach,2017,7627.0
197,Schwerzenbach,2018,6717.0
197,Schwerzenbach,2019,6814.0
197,Schwerzenbach,2020,6745.0
197,Schwerzenbach,2021,6336.0
197,Schwerzenbach,2022,5852.0
198,Uster,2009,6200.0
198,Uster,2010,5923.0
198,Uster,2011,5856.0
198,Uster,2012,5546.0
198,Uster,2013,5276.0
198,Uster,2014,5476.0
198,Uster,2015,5168.0
198,Uster,2016,6058.0
198,Uster,2017,5841.0
198,Uster,2018,6153.0
198,Uster,2019,8392.0
198,Uster,2020,7621.0
198,Uster,2021,7459.0
198,Uster,2022,7172.0
199,Volketswil,2009,5651.0
199,Volketswil,2010,6047.0
199,Volketswil,2011,6646.0
199,Volketswil,2012,7767.0
199,Volketswil,2013,6142.0
199,Volketswil,2014,5868.0
199,Volketswil,2015,5307.0
199,Volketswil,2016,4449.0
199,Volketswil,2017,4397.0
199,Volketswil,2018,4080.0
199,Volketswil,2019,6838.0
199,Volketswil,2020,6022.0
199,Volketswil,2021,6323.0
199,Volketswil,2022,6961.0
200,Wangen-Brüttisellen,2009,5960.0
200,Wangen-Brüttisellen,2010,5785.0
200,Wangen-Brüttisellen,2011,6023.0
200,Wangen-Brüttisellen,2012,6298.0
200,Wangen-Brüttisellen,2013,5654.0
200,Wangen-Brüttisellen,2014,4536.0
200,Wangen-Brüttisellen,2015,3494.0
200,Wangen-Brüttisellen,2016,4550.0
200,Wangen-Brüttisellen,2017,4149.0
200,Wangen-Brüttisellen,2018,4038.0
200,Wangen-Brüttisellen,2019,4831.0
200,Wangen-Brüttisellen,2020,6008.0
200,Wangen-Brüttisellen,2021,5047.0
200,Wangen-Brüttisellen,2022,5506.0
211,Altikon,2009,6704.0
211,Altikon,2010,8276.0
211,Altikon,2011,6907.0
211,Altikon,2012,4853.0
211,Altikon,2013,5192.0
211,Altikon,2014,5725.0
211,Altikon,2015,5846.0
211,Altikon,2016,6364.0
211,Altikon,2017,7004.0
211,Altikon,2018,7003.0
211,Altikon,2019,8236.0
211,Altikon,2020,8377.0
211,Altikon,2021,8524.0
211,Altikon,2022,9029.0
213,Brütten,2009,7340.0
213,Brütten,2010,8107.0
213,Brütten,2011,7339.0
213,Brütten,2012,6645.0
213,Brütten,2013,6529.0
213,Brütten,2014,7034.0
213,Brütten,2015,6079.0
213,Brütten,2016,5490.0
213,Brütten,2017,6608.0
213,Brütten,2018,7704.0
213,Brütten,2019,6669.0
213,Brütten,2020,5556.0
213,Brütten,2021,6065.0
213,Brütten,2022,6465.0
214,Dägerlen,2009,4611.0
214,Dägerlen,2010,5538.0
214,Dägerlen,2011,5835.0
214,Dägerlen,2012,7307.0
214,Dägerlen,2013,6709.0
214,Dägerlen,2014,7314.0
214,Dägerlen,2015,6456.0
214,Dägerlen,2016,6742.0
214,Dägerlen,2017,6386.0
214,Dägerlen,2018,7339.0
214,Dägerlen,2019,7991.0
214,Dägerlen,2020,7755.0
214,Dägerlen,2021,8871.0
214,Dägerlen,2022,8752.0
215,Dättlikon,2009,8064.0
215,Dättlikon,2010,9425.0
215,Dättlikon,2011,8392.0
215,Dättlikon,2012,7989.0
215,Dättlikon,2013,8989.0
215,Dättlikon,2014,8917.0
215,Dättlikon,2015,8371.0
215,Dättlikon,2016,9030.0
215,Dättlikon,2017,8011.0
215,Dättlikon,2018,8284.0
215,Dättlikon,2019,9262.0
215,Dättlikon,2020,9344.0
215,Dättlikon,2021,10032.0
215,Dättlikon,2022,9092.0
216,Dinhard,2009,7705.0
216,Dinhard,2010,7885.0
216,Dinhard,2011,8288.0
216,Dinhard,2012,8104.0
216,Dinhard,2013,7727.0
216,Dinhard,2014,7469.0
216,Dinhard,2015,6364.0
216,Dinhard,2016,6524.0
216,Dinhard,2017,6359.0
216,Dinhard,2018,6734.0
216,Dinhard,2019,10694.0
216,Dinhard,2020,9224.0
216,Dinhard,2021,9151.0
216,Dinhard,2022,9509.0
218,Ellikon,2009,11575.0
218,Ellikon,2010,12736.0
218,Ellikon,2011,11905.0
218,Ellikon,2012,10185.0
218,Ellikon,2013,11061.0
218,Ellikon,2014,13236.0
218,Ellikon,2015,11275.0
218,Ellikon,2016,9575.0
218,Ellikon,2017,10986.0
218,Ellikon,2018,12660.0
218,Ellikon,2019,17488.0
218,Ellikon,2020,16995.0
218,Ellikon,2021,15484.0
218,Ellikon,2022,14848.0
219,Elsau,2009,4305.0
219,Elsau,2010,3058.0
219,Elsau,2011,2345.0
219,Elsau,2012,3066.0
219,Elsau,2013,3606.0
219,Elsau,2014,4629.0
219,Elsau,2015,4872.0
219,Elsau,2016,3596.0
219,Elsau,2017,3482.0
219,Elsau,2018,3024.0
219,Elsau,2019,6129.0
219,Elsau,2020,7750.0
219,Elsau,2021,7411.0
219,Elsau,2022,7854.0
220,Hagenbuch,2009,7015.0
220,Hagenbuch,2010,7102.0
220,Hagenbuch,2011,7144.0
220,Hagenbuch,2012,7007.0
220,Hagenbuch,2013,6964.0
220,Hagenbuch,2014,6045.0
220,Hagenbuch,2015,5993.0
220,Hagenbuch,2016,6554.0
220,Hagenbuch,2017,6689.0
220,Hagenbuch,2018,7020.0
220,Hagenbuch,2019,7879.0
220,Hagenbuch,2020,8732.0
220,Hagenbuch,2021,7128.0
220,Hagenbuch,2022,7109.0
221,Hettlingen,2009,5491.0
221,Hettlingen,2010,5458.0
221,Hettlingen,2011,4844.0
221,Hettlingen,2012,4989.0
221,Hettlingen,2013,6091.0
221,Hettlingen,2014,4552.0
221,Hettlingen,2015,4096.0
221,Hettlingen,2016,4847.0
221,Hettlingen,2017,4889.0
221,Hettlingen,2018,4747.0
221,Hettlingen,2019,6437.0
221,Hettlingen,2020,7454.0
221,Hettlingen,2021,7441.0
221,Hettlingen,2022,6253.0
223,Neftenbach,2009,5800.0
223,Neftenbach,2010,4847.0
223,Neftenbach,2011,4375.0
223,Neftenbach,2012,3853.0
223,Neftenbach,2013,3933.0
223,Neftenbach,2014,3559.0
223,Neftenbach,2015,3663.0
223,Neftenbach,2016,4138.0
223,Neftenbach,2017,4344.0
223,Neftenbach,2018,4840.0
223,Neftenbach,2019,5774.0
223,Neftenbach,2020,5565.0
223,Neftenbach,2021,5721.0
223,Neftenbach,2022,5730.0
224,Pfungen,2009,6866.0
224,Pfungen,2010,5827.0
224,Pfungen,2011,5355.0
224,Pfungen,2012,5575.0
224,Pfungen,2013,5924.0
224,Pfungen,2014,3142.0
224,Pfungen,2015,3201.0
224,Pfungen,2016,3405.0
224,Pfungen,2017,3511.0
224,Pfungen,2018,4126.0
224,Pfungen,2019,4073.0
224,Pfungen,2020,4442.0
224,Pfungen,2021,5613.0
224,Pfungen,2022,5835.0
225,Rickenbach,2009,5029.0
225,Rickenbach,2010,5494.0
225,Rickenbach,2011,5903.0
225,Rickenbach,2012,5883.0
225,Rickenbach,2013,5211.0
225,Rickenbach,2014,6179.0
225,Rickenbach,2015,6022.0
225,Rickenbach,2016,5493.0
225,Rickenbach,2017,6728.0
225,Rickenbach,2018,6033.0
225,Rickenbach,2019,8845.0
225,Rickenbach,2020,8467.0
225,Rickenbach,2021,8534.0
225,Rickenbach,2022,8350.0
226,Schlatt,2009,6220.0
226,Schlatt,2010,6146.0
226,Schlatt,2011,5480.0
226,Schlatt,2012,6436.0
226,Schlatt,2013,6714.0
226,Schlatt,2014,7016.0
226,Schlatt,2015,6225.0
226,Schlatt,2016,6040.0
226,Schlatt,2017,7339.0
226,Schlatt,2018,7168.0
226,Schlatt,2019,7268.0
226,Schlatt,2020,7072.0
226,Schlatt,2021,7585.0
226,Schlatt,2022,7963.0
227,Seuzach,2009,3451.0
227,Seuzach,2010,3798.0
227,Seuzach,2011,3953.0
227,Seuzach,2012,3840.0
227,Seuzach,2013,3510.0
227,Seuzach,2014,3691.0
227,Seuzach,2015,2634.0
227,Seuzach,2016,2205.0
227,Seuzach,2017,2746.0
227,Seuzach,2018,3034.0
227,Seuzach,2019,3340.0
227,Seuzach,2020,4126.0
227,Seuzach,2021,3732.0
227,Seuzach,2022,4364.0
228,Turbenthal,2009,7063.0
228,Turbenthal,2010,6379.0
228,Turbenthal,2011,6649.0
228,Turbenthal,2012,6619.0
228,Turbenthal,2013,6010.0
228,Turbenthal,2014,5629.0
228,Turbenthal,2015,5190.0
228,Turbenthal,2016,5714.0
228,Turbenthal,2017,7384.0
228,Turbenthal,2018,7893.0
228,Turbenthal,2019,7727.0
228,Turbenthal,2020,8298.0
228,Turbenthal,2021,7465.0
228,Turbenthal,2022,7426.0
230,Winterthur,2009,6346.0
230,Winterthur,2010,7186.0
230,Winterthur,2011,6001.0
230,Winterthur,2012,6557.0
230,Winterthur,2013,6894.0
230,Winterthur,2014,7022.0
230,Winterthur,2015,8208.0
230,Winterthur,2016,7613.0
230,Winterthur,2017,8277.0
230,Winterthur,2018,8936.0
230,Winterthur,2019,9116.0
230,Winterthur,2020,8638.0
230,Winterthur,2021,11129.0
230,Winterthur,2022,10571.0
231,Zell,2009,3888.0
231,Zell,2010,4114.0
231,Zell,2011,4301.0
231,Zell,2012,5055.0
231,Zell,2013,4688.0
231,Zell,2014,3943.0
231,Zell,2015,3764.0
231,Zell,2016,3791.0
231,Zell,2017,4434.0
231,Zell,2018,3429.0
231,Zell,2019,4014.0
231,Zell,2020,5173.0
231,Zell,2021,5075.0
231,Zell,2022,5323.0
241,Aesch,2009,13008.0
241,Aesch,2010,12426.0
241,Aesch,2011,11172.0
241,Aesch,2012,11471.0
241,Aesch,2013,11520.0
241,Aesch,2014,10076.0
241,Aesch,2015,15007.0
241,Aesch,2016,16601.0
241,Aesch,2017,16478.0
241,Aesch,2018,15836.0
241,Aesch,2019,12562.0
241,Aesch,2020,12204.0
241,Aesch,2021,12026.0
241,Aesch,2022,13002.0
242,Birmensdorf,2009,4819.0
242,Birmensdorf,2010,4906.0
242,Birmensdorf,2011,4658.0
242,Birmensdorf,2012,4937.0
242,Birmensdorf,2013,4848.0
242,Birmensdorf,2014,4594.0
242,Birmensdorf,2015,5607.0
242,Birmensdorf,2016,5368.0
242,Birmensdorf,2017,5578.0
242,Birmensdorf,2018,5405.0
242,Birmensdorf,2019,7965.0
242,Birmensdorf,2020,7673.0
242,Birmensdorf,2021,7002.0
242,Birmensdorf,2022,5798.0
243,Dietikon,2009,4457.0
243,Dietikon,2010,5050.0
243,Dietikon,2011,4657.0
243,Dietikon,2012,4539.0
243,Dietikon,2013,4122.0
243,Dietikon,2014,5116.0
243,Dietikon,2015,4889.0
243,Dietikon,2016,5575.0
243,Dietikon,2017,5551.0
243,Dietikon,2018,5916.0
243,Dietikon,2019,5985.0
243,Dietikon,2020,5842.0
243,Dietikon,2021,5662.0
243,Dietikon,2022,6012.0
244,Geroldswil,2009,7801.0
244,Geroldswil,2010,7260.0
244,Geroldswil,2011,8255.0
244,Geroldswil,2012,7704.0
244,Geroldswil,2013,7031.0
244,Geroldswil,2014,6292.0
244,Geroldswil,2015,6291.0
244,Geroldswil,2016,6445.0
244,Geroldswil,2017,7669.0
244,Geroldswil,2018,13909.0
244,Geroldswil,2019,14273.0
244,Geroldswil,2020,14323.0
244,Geroldswil,2021,14944.0
244,Geroldswil,2022,15498.0
245,Oberengstringen,2009,8228.0
245,Oberengstringen,2010,8467.0
245,Oberengstringen,2011,7895.0
245,Oberengstringen,2012,7507.0
245,Oberengstringen,2013,7482.0
245,Oberengstringen,2014,7566.0
245,Oberengstringen,2015,8497.0
245,Oberengstringen,2016,8696.0
245,Oberengstringen,2017,8054.0
245,Oberengstringen,2018,8745.0
245,Oberengstringen,2019,11103.0
245,Oberengstringen,2020,12028.0
245,Oberengstringen,2021,11685.0
245,Oberengstringen,2022,12558.0
246,Oetwil an der Limmat,2009,5612.0
246,Oetwil an der Limmat,2010,6274.0
246,Oetwil an der Limmat,2011,6376.0
246,Oetwil an der Limmat,2012,6315.0
246,Oetwil an der Limmat,2013,5857.0
246,Oetwil an der Limmat,2014,5693.0
246,Oetwil an der Limmat,2015,5727.0
246,Oetwil an der Limmat,2016,5314.0
246,Oetwil an der Limmat,2017,5680.0
246,Oetwil an der Limmat,2018,6685.0
246,Oetwil an der Limmat,2019,7090.0
246,Oetwil an der Limmat,2020,7456.0
246,Oetwil an der Limmat,2021,8277.0
246,Oetwil an der Limmat,2022,9656.0
247,Schlieren,2009,5416.0
247,Schlieren,2010,5128.0
247,Schlieren,2011,5105.0
247,Schlieren,2012,5188.0
247,Schlieren,2013,5295.0
247,Schlieren,2014,5224.0
247,Schlieren,2015,4960.0
247,Schlieren,2016,6149.0
247,Schlieren,2017,7512.0
247,Schlieren,2018,8066.0
247,Schlieren,2019,7857.0
247,Schlieren,2020,7882.0
247,Schlieren,2021,7026.0
247,Schlieren,2022,7575.0
248,Uitikon,2009,12982.0
248,Uitikon,2010,12461.0
248,Uitikon,2011,11973.0
248,Uitikon,2012,11312.0
248,Uitikon,2013,11981.0
248,Uitikon,2014,11141.0
248,Uitikon,2015,11226.0
248,Uitikon,2016,10990.0
248,Uitikon,2017,10756.0
248,Uitikon,2018,13041.0
248,Uitikon,2019,12755.0
248,Uitikon,2020,12938.0
248,Uitikon,2021,13491.0
248,Uitikon,2022,11147.0
249,Unterengstringen,2009,6694.0
249,Unterengstringen,2010,6218.0
249,Unterengstringen,2011,5683.0
249,Unterengstringen,2012,5293.0
249,Unterengstringen,2013,5260.0
249,Unterengstringen,2014,4592.0
249,Unterengstringen,2015,4814.0
249,Unterengstringen,2016,4475.0
249,Unterengstringen,2017,4726.0
249,Unterengstringen,2018,4635.0
249,Unterengstringen,2019,6616.0
249,Unterengstringen,2020,5684.0
249,Unterengstringen,2021,5452.0
249,Unterengstringen,2022,5089.0
250,Urdorf,2009,5370.0
250,Urdorf,2010,5299.0
250,Urdorf,2011,5371.0
250,Urdorf,2012,3691.0
250,Urdorf,2013,3328.0
250,Urdorf,2014,3408.0
250,Urdorf,2015,4540.0
250,Urdorf,2016,4023.0
250,Urdorf,2017,3300.0
250,Urdorf,2018,3305.0
250,Urdorf,2019,5736.0
250,Urdorf,2020,5489.0
250,Urdorf,2021,5683.0
250,Urdorf,2022,4105.0
251,Weiningen,2009,7007.0
251,Weiningen,2010,7189.0
251,Weiningen,2011,7389.0
251,Weiningen,2012,7884.0
251,Weiningen,2013,7567.0
251,Weiningen,2014,7001.0
251,Weiningen,2015,6923.0
251,Weiningen,2016,7379.0
251,Weiningen,2017,7691.0
251,Weiningen,2018,8819.0
251,Weiningen,2019,8769.0
251,Weiningen,2020,9852.0
251,Weiningen,2021,9247.0
251,Weiningen,2022,9781.0
261,Zürich,2009,14439.0
261,Zürich,2010,13842.0
261,Zürich,2011,13623.0
261,Zürich,2012,13550.0
261,Zürich,2013,13122.0
261,Zürich,2014,13761.0
261,Zürich,2015,13785.0
261,Zürich,2016,12242.0
261,Zürich,2017,10926.0
261,Zürich,2018,9861.0
261,Zürich,2019,8961.0
261,Zürich,2020,9039.0
261,Zürich,2021,9299.0
261,Zürich,2022,8990.0
291,Andelfingen,2009,8146.0
291,Andelfingen,2010,7125.0
291,Andelfingen,2011,7412.0
291,Andelfingen,2012,7707.0
291,Andelfingen,2013,7519.0
291,Andelfingen,2014,6486.0
291,Andelfingen,2015,6737.0
291,Andelfingen,2016,6577.0
291,Andelfingen,2017,7013.0
291,Andelfingen,2018,8042.0
291,Andelfingen,2019,9384.0
291,Andelfingen,2020,9394.0
291,Andelfingen,2021,8417.0
291,Andelfingen,2022,7944.0
292,Stammheim,2009,9615.0
292,Stammheim,2010,9537.0
292,Stammheim,2011,10091.0
292,Stammheim,2012,10507.0
292,Stammheim,2013,10496.0
292,Stammheim,2014,10581.0
292,Stammheim,2015,9518.0
292,Stammheim,2016,10773.0
292,Stammheim,2017,9095.0
292,Stammheim,2018,10114.0
292,Stammheim,2019,14058.0
292,Stammheim,2020,12288.0
292,Stammheim,2021,13940.0
292,Stammheim,2022,12490.0
293,Wädenswil,2009,6236.0
293,Wädenswil,2010,6241.0
293,Wädenswil,2011,5320.0
293,Wädenswil,2012,6406.0
293,Wädenswil,2013,6005.0
293,Wädenswil,2014,5867.0
293,Wädenswil,2015,5753.0
293,Wädenswil,2016,6277.0
293,Wädenswil,2017,7090.0
293,Wädenswil,2018,7095.0
293,Wädenswil,2019,7261.0
293,Wädenswil,2020,6977.0
293,Wädenswil,2021,6680.0
293,Wädenswil,2022,7207.0
294,Elgg,2009,5755.0
294,Elgg,2010,5414.0
294,Elgg,2011,5025.0
294,Elgg,2012,5395.0
294,Elgg,2013,4590.0
294,Elgg,2014,3985.0
294,Elgg,2015,4526.0
294,Elgg,2016,5021.0
294,Elgg,2017,5823.0
294,Elgg,2018,5528.0
294,Elgg,2019,6458.0
294,Elgg,2020,7016.0
294,Elgg,2021,7371.0
294,Elgg,2022,7310.0
295,Horgen,2009,7987.0
295,Horgen,2010,7718.0
295,Horgen,2011,8078.0
295,Horgen,2012,9008.0
295,Horgen,2013,8257.0
295,Horgen,2014,7343.0
295,Horgen,2015,7601.0
295,Horgen,2016,7809.0
295,Horgen,2017,9578.0
295,Horgen,2018,8159.0
295,Horgen,2019,9515.0
295,Horgen,2020,8512.0
295,Horgen,2021,9262.0
295,Horgen,2022,8964.0
296,Illnau-Effretikon,2009,5007.0
296,Illnau-Effretikon,2010,4531.0
296,Illnau-Effretikon,2011,3729.0
296,Illnau-Effretikon,2012,4310.0
296,Illnau-Effretikon,2013,3902.0
296,Illnau-Effretikon,2014,3925.0
296,Illnau-Effretikon,2015,4008.0
296,Illnau-Effretikon,2016,4095.0
296,Illnau-Effretikon,2017,4322.0
296,Illnau-Effretikon,2018,3893.0
296,Illnau-Effretikon,2019,4252.0
296,Illnau-Effretikon,2020,4582.0
296,Illnau-Effretikon,2021,4336.0
296,Illnau-Effretikon,2022,4324.0
297,Bauma,2009,6189.0
297,Bauma,2010,6309.0
297,Bauma,2011,5906.0
297,Bauma,2012,5720.0
297,Bauma,2013,4740.0
297,Bauma,2014,4302.0
297,Bauma,2015,4441.0
297,Bauma,2016,3939.0
297,Bauma,2017,5095.0
297,Bauma,2018,4477.0
297,Bauma,2019,4534.0
297,Bauma,2020,5696.0
297,Bauma,2021,4047.0
297,Bauma,2022,4449.0
298,Wiesendangen,2009,7062.0
298,Wiesendangen,2010,5890.0
298,Wiesendangen,2011,6394.0
298,Wiesendangen,2012,6546.0
298,Wiesendangen,2013,8393.0
298,Wiesendangen,2014,7043.0
298,Wiesendangen,2015,6199.0
298,Wiesendangen,2016,6143.0
298,Wiesendangen,2017,6776.0
298,Wiesendangen,2018,8752.0
298,Wiesendangen,2019,9015.0
298,Wiesendangen,2020,7414.0
298,Wiesendangen,2021,7780.0
298,Wiesendangen,2022,7560.0
